,G,L,B,T,O,train_texts
18,0,1,0,0,0,"Las famosas ""lesbianas"" no llegan a ser del todo homosexuales. Siempre querr√°n tener algo url Just saying. ¬Ø\_(„ÉÑ)_/¬Ø"
468,1,0,0,0,0,@usuario tu padre es pendejos tu pendeja marica
816,1,0,0,0,0,Puto maricon!!! hashtag rayados no sale campeon
402,1,0,0,0,0,Yo le hacia el cambio de sexo gratis a hashtag daniel por maldito joto cobarde hashtag yo no creo en los hombres
640,1,0,0,0,0,"No sean maricas, cuando ustedes redactan spoilers o los comparten si les da mucha risa. Ahora todos quieren llorar por spoilers de Star Wars"
400,1,0,0,0,0,"@usuario Quibole puto, eee peda el fin sbs tqm bye"
22,1,0,0,0,0,@usuario @usuario @usuario No le hagas caso a esos gays reprimidos amistad mientras yo sepa ke es mayor de edad basta y tengo pruebas adem√°s nadie le pidi√≥ ke viera mis fotos. Mejor ke se ponga a trabajar viejo senil solo roba el ox√≠geno a los dem√°s  emoji cara llorando de risa emoji
786,1,0,0,0,0,@usuario Ese gilberto lozano es el cl√°sico PUTO reprimido que como no lo atienden se pone de neuras ser√° que esta en la andropausia?? Tan viejo joto y chill√≥n jaja
310,1,0,0,0,0,@usuario Callate joto
330,1,0,0,0,0,@usuario Pinche puto. Y seguramente se mete otras cosas
414,1,0,0,0,0,@usuario Puto gordito ! Eres de moral distra√≠da . Satanizando a ReNalgon Ibarra
832,1,0,0,0,1,@usuario Jjaja puto wilo
227,0,0,0,1,0,"RT @usuario: Cuando de adultos deciden ser transg√©nero, pues va. Pero los ni√±os son el reflejo de nosotros. ¬°No los contaminen! &lt; wat?"
740,1,0,0,0,0,@usuario @usuario como tu no puedes MARICON
107,1,0,0,0,0,"""@usuario: @usuario @usuario  oye pitayo no seras joto  emoji cara radiante con ojos sonrientes emoji ""//si quieres te demuestro que no soy joto"
541,1,0,0,0,0,@usuario @usuario Callate joto que ah√≠ sigues
172,1,0,0,0,0,Alg√∫n d√≠a me voy a casar con Puerto partida (Soy un marica digo soy un cobarde)
618,1,0,0,0,0,"Muy buenos y triunfadores de cl√°sicos y excelente inicio de semana tengan todos ustedes, menos a los que se quejan a DDHH, a esos no por maricas y LyLurl"
589,1,0,0,0,0,Entiendan f√©minas BONITOS los putos !!!
382,1,0,0,0,0,@usuario Este tipejo es homosexual. Se odia √®l mismo.
89,1,0,0,0,0,"Los gays que dicen ""Bro"", namames, te la comes doblada y me vienes a decir ""bro""."
80,1,0,0,0,1,@usuario @usuario  emoji cara babeando emoji  emoji cara babeando emoji Quiero.
333,1,0,0,0,0,"LeBron es una diva, todo reclama, ojal√° hubiera jugado contra los Pistons o Knicks para que viera que es madriza.

Mariquita el ""rey"""
841,1,0,0,0,0,@usuario Antes les dec√≠an la Margaritas del Atlas hoy son LAS MARIQUITAS LIMOSNA PUNTOS!!!
536,1,0,0,0,0,"JAJAJAJA QUE MARIC√ìN 

EStE WEY SE LA VIVE TIR√ÅNDOLE A MIS TIGRES Y LE VA AL QUER√âTARO  emoji cara llorando de risa emoji  emoji cara llorando de risa emoji  emoji cara llorando de risa emoji  url"
30,1,0,0,0,0,Porqu√© ser√°. url de maricones. ... emoji cara enfadada emoji  emoji cara haciendo una mueca emoji  url
10,1,0,0,0,0,"Jefe, ese pu√±al es un botarate o sea, un PENDEJO. Saludos. url"
771,1,0,0,0,1,"Yo no meter√≠a al bote a la Loca, sino al hijueputa juez que lo dej√≥ en libertad hace un mes."
700,0,1,0,0,0,"@usuario   En Rusia va a ver Infiltraci√≥n Homosexual mujer con mujer, violaran a las monjas, ense√±ando a los ni√±os y j√≥venes a tomar armas."
530,1,0,0,0,0,"@usuario @usuario queee!No puede ser! no me sorprende, despu√©s de los homosexuales, siguen cosas peores.Al rato va ser legal los pederastas emoji cara gritando de miedo emoji"
537,0,0,0,1,0,"Quiero escribir una SciFi donde un grupo de marketeros de los 80 descubre c√≥mo hacer promoci√≥n subliminal S√öPER buena.

Pero a la par -y sin el internet- no hacen buen targeting, as√≠ que un chingo de ni√±os los ""programan"" ni√±as, y viceversa.

A√±os despu√©s PUOM, gente trans."
858,1,0,0,0,0,@usuario @usuario Se acalambra el putito ü§∑ emoji tono de piel medio emoji ‚Äçü§∑ emoji tono de piel medio emoji ‚Äçü§∑ emoji tono de piel medio emoji ‚Äç
77,0,1,0,0,0,@usuario ahhh no entonces es una amiga closetera mas !
630,1,0,0,0,0,@usuario A huevo mi puto!!!  emoji cara llorando de risa emoji  emoji cara llorando de risa emoji  emoji cara llorando de risa emoji
1,0,0,0,0,1,"Esos de BTS se me hacen seres asexuales, eunucos o algo as√≠ todo raro."
345,0,0,0,1,0,ME URGE DECIRLE A UNA MUJER TRANS QUE ES HOMBRE Y QUE SU PR√ìSTATA url
376,1,0,0,0,0,@usuario @usuario Osea s√≠ eres marica?
212,1,0,0,0,0,@usuario Ya valiste verga con tu url Lo ves? Soda es de jotos.
793,1,0,0,0,0,"@usuario @usuario ""Est√° muy gay tu ""Lago de@usuario Cisnes"", Tchaikovski, ¬øno tienes algo m√°s hetero por ah√≠?""  emoji cara con mon√≥culo emoji"
765,1,0,0,0,0,La gente ya quiere que todo sea joto jaja se maman.
370,1,0,0,0,0,@usuario Ya vas a empezar marica.
116,0,1,0,0,0,Magnate ofrece 130 mdd al hombre que conquiste a su hija lesbiana url
396,1,0,0,0,0,@usuario @usuario @usuario Que url ando url si no url ( como buenos putos que son) no url
519,1,0,0,0,0,jotos de gdl con aires de diva no plz
179,1,1,0,0,1,"Quieren un mundo hashtag sin homofobia pues que desaparezcan los jotos, maricones, putos, gays, lesbianas, machorras, tortilleras y dem√°s sin√≥nimos"
174,1,0,0,0,0,@usuario Eres Joto verdad?
484,1,0,0,0,0,"Existen varios tipos de homosexuales:
- Los que gustan de su mismo sexo
- Los que fuman mentolado
- Los que no le dan retwittear 
Jjaja emoji cara gui√±ando el ojo emoji  emoji cara gui√±ando el ojo emoji"
687,1,0,0,0,0,@usuario Pu√±al
801,1,0,0,0,0,"@usuario Adem√°s era homosexual, pero eso ya no importa, con el hecho de que sea amlovers se le condona cualquier otro defecto."
668,1,0,0,0,0,Buenos dias Js Closeteras y Obvias ya es Diciembre deseo de coraz√≥n que se vayan a la berga este dia y mes  emoji dedo coraz√≥n hacia arriba tono de piel claro emoji
789,0,0,0,1,1,"@usuario Nononono, la ley trans c√≥digo penal 2017 dice que te los quedas.. pero en forma de aretes"
119,1,0,0,0,1,"Es de jotitas muy corrientitas cortar las palabras como para verse ""nice"" o de plano son muy wuebonas para escribir y url 
Que hueva cuando hablan as√≠ de ""celu""""pelis""""bendi"" url"
796,1,0,0,0,0,@usuario no lo hab√≠a visto marica mayor jaja
746,1,0,0,0,0,Los maricos que se sienten orgullosos de ser heteronormados y que desprecian a los afeminados son de la misma cala√±a que los negros que no salen con negros m√°s oscuros porque los creen inferiores.
295,1,0,0,0,0,"Hay que promover una¬†ley contra la propaganda homosexual, que condene la difusi√≥n de cualquier tipo de promoci√≥n de la¬†homosexualidad¬†dirigida a menores de edad con multas y penas de c√°rcel. url"
13,1,0,0,0,0,"Homosexual: persona que le gusta otra persona de su mismo sexo
Puto: el que lo lea 
hashtag mecausogracia hashtag ehhhputo!"
781,1,0,0,0,0,Saquen a ese marica y que salga @usuario
698,0,1,0,1,0,¬øC√≥mo qu√© hay mujeres trans lesbianas? ¬øPara que se hizo trans si va a ser lesbiana? No tiene l√≥gica.
802,1,0,0,0,0,@usuario @usuario maciones del pinche url Aizen GAY!!!
250,1,0,0,0,0,@usuario Se ven bastante jotos
844,1,0,0,0,0,Porque el marica no llor√≥ igual o peor cuando el Farca lo elimin√≥ el a√±o pasado??? @usuario url
338,1,0,0,0,0,"Mariquita mariquita, como ni√±a siempre gritas"
417,1,0,0,0,0,Ta muy jota la foto vdd?
129,1,0,0,0,0,Ser√© Breve: Pinches americanistas maricas.
226,1,0,0,0,0,Los vatos sacan el lado marica y las morras el lado sharmuta
199,1,0,0,0,0,"¬øEn qu√© momento @usuario permiti√≥ que el apartado de mujeres se llevar√° de homosexuales que fingen ser mujeres?

Y todav√≠a cobran por verlos.

Est√°s fracasando, @usuario."
126,1,0,0,0,0,"@usuario No, solo digo que yo comenc√© mi d√≠a a las 6 as√≠ que mi d√≠a ha estado chingon :v tu eres el puto que de cualquier cosa te gusta andar alegando xd"
384,0,0,0,0,1,"@usuario @usuario @usuario @usuario @usuario Hmmm te entiendo. Reconocer diferencias implica luchar por terceros.

Solo, ¬øcomo no aplica esto con mujeres ind√≠genas? O trans-nacionales?

Ahora, como yo lo veo -digamos que desde lo personal- yo me estoy sumando a tu lucha. No neg√°ndola."
163,1,0,0,0,0,"""Dejen de tuitear sobre el partido, ya empez√≥ Gaim Of trons""

- Un pendejo mariquita."
566,1,0,0,0,0,@usuario eres un maricon
699,1,0,0,0,0,"@usuario No entiendo x que si dios hizo hombre mujer, ahora dan tanta publicidad a lod gays es un mal ejemplo a los ninos se me hace una degeneracion el que nace asi se acepta, pero ahora todos son que triste"
643,1,0,0,0,0,@usuario @usuario @usuario @usuario @usuario @usuario @usuario  otro jotito rayado enamorado que quiere que le contesten jaja
304,1,0,0,0,0,"@usuario Yo no estoy en contra de los homosexuales, es m√°s, tengo amigos. Mientras se queden ah√≠, con sus actividades ""peculiares"" y no se quieran casar o peor aun adoptar a ni√±os inocentes, yo seguir√© apoyando."
546,1,0,0,0,0,"@usuario Jjaja perdiste por default, gan√© marica emoji cara sonriendo con gafas de sol emoji"
504,0,1,0,0,0,Que trapeada le dieron a la mojarra lesbiana  emoji cara llorando de risa emoji  url
620,0,1,0,0,0,@usuario obesa y machorrita
756,1,0,0,0,0,"‚Äé-Hijo, ¬øde d√≥nde vienes tan sudado? -Estaba jugando f√∫tbol, pap√°. -¬°¬øCREES QUE SOY PENDEJO?! ¬°ESTABAS EN TU CLASE DE ZUMBA, PINCHE MARIC√ìN!"
312,1,0,0,0,0,Pinche jota.
371,1,0,1,0,0,"Es feo que a esa altura quieran taparle el ojo al macho y seguir de closeteros, neta a los dos se les ve√≠a el precio y pues ojal√° y el despechado haya mandado a la verga al closetero o bi o quiz√° solo era culero."
72,1,0,0,0,0,"@usuario @usuario No lo tomen en cuenta, los va a dejar plantados el maricon pocos huevos este. url"
557,1,0,0,0,0,@usuario @usuario Es Tatiana el joto. Parece que no la conoces encuerada.
644,1,0,0,0,0,Como me ultra cagan las comadres (chavo gay y amiga gorda) que vienen al gym a hacerse PENDEJAS!!! nadamas ocupan aparatos y pesas a lo est√∫pido porque nisiquiera hacen bien el ejercicio y se la pasan hable y hable. Y se ponen solitos sus ejercicios hdsptm
617,1,0,0,0,0,"@usuario ERES UN ASCO DE PERSONA. Ya que eres la mu√±equita del homosexual pendejo ese, m√≠nimo haz algo por el estado que te alimenta. ¬°ZORRA!"
753,1,0,0,0,0,To√±o es joto
690,1,0,0,0,0,"@usuario Tengo amigos Gays y hasta ellos mismos reprueban andar bes√°ndose enfrente de la gente ,dicen que si piden respeto deben de dar respeto ,y no los veo quejandose por eso,"
12,1,1,0,0,0,"¬°QU√â POCA MADRE! ¬°PERO EL JOTO @usuario Y LA MACHORRA DE LA @usuario PREFIEREN DEFENDER A LOS MALDITOS DELINCUENTES!

hashtag pena de muerte ya url"
623,1,0,0,0,0,@usuario @usuario @usuario Tr√≠o de jotos
267,1,0,0,0,0,¬øDesde cu√°ndo los jugadores de fut se volvieron tan homosexuales? url
860,1,0,0,0,1,@usuario @usuario @usuario ps no somos jotos pero mejor vamos al cine que les parece??
632,1,0,0,0,0,@usuario porque siempre me insultas :( .. MARICON! .I. No veniste a casa de h u.u
459,1,0,0,0,0,@usuario Ya se te quit√≥ lo marica sentida?
317,1,0,0,0,0,"En √©poca de Hitler no se dec√≠a ""eres gay"" y, s√≠ ""eres un joto"" al campo de concentraci√≥n @usuario @usuario @usuario url"
108,1,0,0,0,0,"Felicidades a todos los jotos que si bien no son madres, han cargado con los chavitos de otro  emoji cara lanzando un beso emoji"
825,1,0,0,0,0,Cuando los amigos jotos de tu novio te quieren matar con la mirada.
453,0,0,0,1,1,"@usuario @usuario Ayu√±√±. Pos es que me dicen: OPH, SEND NERDEZ TRANS.

Y yo de.. ""AHORA APLICO MI CARTA ARIROSAS Y SU PODER"" * m√∫sica yugioh *"
181,1,0,0,0,0,@usuario ahora pinchi joto gracias
626,1,0,0,0,0,"Cabron de nombre Raro diciendo ser mi camarada y haciendo pendejadas al Actual Galan de una Ex Mutua
Puto, R√çFATE SOLO PU√ëAL
NI TE CONOZCO  emoji cara cabreada emoji"
809,1,0,0,0,0,Como son bien maricas y se duermen temprano.  emoji cara desanimada emoji
813,1,0,0,0,0,"@usuario A ti lo que menos te importa es la ni√±ez mexicana, los utilizas para escudar tus mezquinos intereses, pinche mayate."
160,1,0,0,0,0,@usuario @usuario Un 'pu√±al' mugroso
514,0,0,0,0,1,"@usuario Vamos a jugar un poco quien se anota, feliz s√°bado a todos quien llenar√° este vac√≠o en mi url url"
84,1,0,0,0,0,@usuario pinchi maricon me la chupas
451,1,0,0,0,0,@usuario Hazla de campos de concentraci√≥n y matan a los jotos
90,0,0,0,1,0,"Lia Thomas, matriculada en la Universidad de Pensylvania, ha dominado la nataci√≥n femenil universitaria de Estados Unidos, lo cual no hac√≠a cuando hasta hace unos a√±os compet√≠a como hombre. ¬øEsta situaci√≥n es a favor de la mujer? url"
309,0,1,0,0,0,"Mi Panda de Oro con el miembro de fuera. Lo quiero mucho, vaya cagada de Fox Sports rompiendo el tridente m√°gico para meter con calzador en las narraciones a la machorra."
727,1,0,0,0,0,"Eres mega puto!!! Turbo, ultra come sables.  url"
311,1,0,0,0,0,"-Mario es un puro maricon
-Ese puto maricon ya tiene disco de oro
TDFW  emoji cara sonriendo con gafas de sol emoji  emoji mano haciendo el signo de cuernos tono de piel claro medio emoji 

-Ale emoji mano haciendo el signo de cuernos tono de piel claro medio emoji  url"
672,1,0,0,0,0,"@usuario @usuario Preguntarle mejor al maric√≥n de Miguel √Ångel Mancera, el la t√©rmino."
650,1,0,0,0,0,"@usuario fanaticos y mariquitas es lo que son todos ustedes y adem√°s son capaces, seguro, de organizar un golpe. Vigilar a estos enfermizos:@usuario @usuario @usuario"
42,0,0,0,0,1,@usuario @usuario @usuario A m√≠ @usuario me inspir√≥ record√°ndome esta canci√≥n: url
633,1,1,0,0,0,Weey pero esque pinche gays y lesbianas dan un mal ejemplo  emoji cara con ojos en blanco emoji  url
835,1,0,0,0,0,"Que es m√°s joto, escribir en fb tus cualidades como saber cocinar, ser fiel y buena pareja o subir una foto tuya volteando hacia otro lado?"
393,1,0,0,0,0,Me toco un gay en Uber
419,1,0,0,0,0,@usuario Al menos no es pa jotos amigo
157,1,0,0,0,0,@usuario que marica! Hahaha mejor riiifate en el final!
754,1,0,0,0,0,Chillo como mariquita :(  hashtag the walking dead hashtag twdseason8‚ÄØ‚ÄØhashtag twd url
828,1,0,0,0,0,"A poco se acabaron las prostitutas y maricones en televisa,que tienen que sacar esta mamada otra vez? hashtag big brother"
275,1,0,0,0,0,Es un homosexual reprimido y por eso est√° resentido con la vida url
663,0,1,0,1,0,"@usuario jaja no sufras. No pasa nada, el punto es una prenda. Hay chicas que les encanta travestirse de hombres (se llaman lesbianas)"
411,1,0,0,0,0,Despu√©s de esperar tanto el tenis ahora tiene uno que o√≠r las estupideces y comentarios innecesarios adem√°s de su voz de joto de @usuario hashtag tenisx espn hashtag usopen2020
391,1,0,0,0,0,Pinche morro meco traes un Mazda y te estacionas en doble espacio para que no te lo rayen  emoji cara llorando de risa emoji  ni que fuera Ferrari joto
600,1,0,0,0,0,Los polic√≠as y los jotos.
111,0,0,0,1,0,@usuario M√°s bien un transg√©nero jam√°s ser√° igual a una mujer.
611,1,0,0,0,1,"Si se va a vestir de puta como todos los a√±os en halloween por lo menos en este a√±o si P√ìNGANSE DESODORANTE, luego anda bien HEDIONDA CON su suspensorio y arn√©s imitaci√≥n piel todo sudado, lleno de meco de desconocido. RESPETO"
458,1,0,0,0,0,@usuario  eso me suena a marica. :v
744,0,1,1,1,1,"A√±o 2008: qu√© chica m√°s guapa, ojal√° est√© soltera.

A√±o 2017: qu√© guapa, ojal√° no sea feminista, transg√©nero,  bisexual, lesbiana, pansexual"
457,1,1,0,0,0,La jota cajera casi me avienta el dinero cuando le dije que no quer√≠a redondear.  emoji cara llorando de risa emoji
792,0,1,0,0,0,"Me quise ligar a una chava ayer y no me pelo, le pregunte si era lesbiana y me dio una cachetada hashtag la culpaesde gaby @usuario"
556,1,0,0,0,0,@usuario As√≠ son de maricas los del @usuario   emoji cara llorando de risa emoji  emoji cara llorando de risa emoji  emoji cara llorando de risa emoji
492,1,0,0,0,0,"@usuario ufas amigos, si no fuera algo muy gay te declaramos nuestro pr√≠ncipe."
55,1,0,0,0,1,"Neologismos.
Maricomio : psiqui√°trico para locas, maricas y gays.
Apapuchar: Acci√≥n de consentir al pubis.
Sopervisor: supervisor torpe.
@usuario @usuario @usuario hashtag nuevoneologismodehoy"
676,1,0,0,0,0,@usuario ¬øPutito te refieres a mi?
443,1,0,0,0,0,"Neta no me sorprende, pero qu√© hueva con los gueis. Un vato bien parecido-mamado pone cosas que  al chile no dan nada de gracia y los jotos de ""Juhjugujugjug te pazas"". url"
342,0,0,0,1,0,@usuario con ese color de cabello parece travesti de la merced! Jjaja @usuario url
40,1,0,0,0,0,@usuario jaja url puto
719,1,0,0,0,0,@usuario No chille jota
581,1,0,0,0,0,Sigues siendo el mismo marica de siempre
288,0,0,0,0,1,"@usuario @usuario Nono. CURSO PROFESIONAL De Eco Drag Race Car. * Estudiantes por los millones, se crowdsourcea un nuevo Tesla *"
614,0,0,0,1,0,"@usuario Por mi est√° OK que lo se√±alen. Es solo el hombres, mujeres Y TRANS que me da aaa"
178,1,0,0,0,0,"@usuario @usuario Grand√≠simo patan, corriente y maricon"
176,1,0,0,0,0,Malditos changos paname√±os hijos de puta ya andan de maricones!
596,1,0,0,0,0,"Puto el que me de unfollow, ahora que deje tw.
FAV."
58,1,0,0,0,0,@usuario jaja si no es que se huanguea tu pu√±o y se vuelve pu√±al como manuela palma xD
340,1,0,0,0,0,"@usuario @usuario ser√° gay solo as√≠ se entiende su accionar de por s√≠ tienen fama de maricones, no piensa le gana la emoci√≥n"
16,1,1,0,0,0,"Es de jotitas muy corrientitas hablar y cortar palabras como ""obvi"" ""celu"" ""bendis"" o decir como locas palabras en ingl√©s en una conversacion espa√±url Y si a eso le aunamos el tonito caguengue tipo m√≠a colucci en versi√≥n url peor"
291,1,0,0,0,0,@usuario @usuario pos por marica
808,1,1,0,0,0,@usuario lo que pasa es que marimacha. Porque √©l otro se hizo joto
750,1,0,0,0,0,@usuario @usuario Jjaja solo contesta los que le calan el closetero del chumel jaja
591,1,0,0,0,0,@usuario El maric√≥n es el tal chineo!
799,1,0,0,0,0,"Vamos pecho fr√≠o, no alcanzan las palabras, donde est√° la grandeza que presumes como hinchada? @usuario verg√ºenza Nacional maricones!"
508,1,0,0,0,0,Si algo me castra el wuevo son los maricas con complejo de Paris Hilton (osea el 90% de los homosexuales).
387,0,0,0,1,0,Que pena que el mejor performance sea de unas vestidas. Que malos premios hashtag vmas
767,0,0,0,1,0,"Eso es lo mismo que decir: aquel que santifica la fiesta no est√° pecando y adentro de la casa tienen orgias y todo el pedo, no url Alguien que nace hombre o mujer en esencia siempre lo ser√°, aquel que se enamora de un trans es gay a huevo, closetero pero lo es. url"
645,1,0,0,0,0,@usuario pinche joto
636,1,0,0,0,0,"Ese Pinche Joto Igual Se Ve Horrendo Con Los Filtros de vato o Vurl Mejor Que Siga De Puta Posteando Fotos En Calzones Viajando Por El Mundo, Puta Jeta Quasimodo"
29,1,0,0,0,0,"Si la gente supiera que eres un marica que manda Biblias por WhatsApp, se te caer√≠a tu teatro de ""Me siento bien vergas"""
820,1,0,0,0,0,@usuario No seas joto
355,1,0,0,0,0,@usuario @usuario nosotros si sabemos. Perder marica
576,1,0,0,0,0,Si son bien jotos!!!
318,1,0,0,0,0,"@usuario @usuario No sean maricas, vamos a comprar otro mejor para empezar a escribir historias.  emoji cara feliz con ojos sonrientes emoji"
693,0,0,0,0,1,¬øY si los tierraplanistas viven en un espacio polidimensional donde la tierra SI es plana? ¬øY si son personas no-euclidianas? ¬øY SI LA CIRCUMFERENCIA ES IDENTITARIA Y ELLOS SON TRANS-PLANOS? url
203,1,0,0,0,0,Qu√© fuerte hashtag epn ya ol√≠as a hashtag putito url
32,1,0,0,0,0,"Vato marica metiendose con una url
hashtag lord cafe 

A ver si la raza saca quien es. url"
512,1,0,0,0,0,"Soy el m√°s hashtag marica cuando veo una hashtag cucaracha !!!  emoji cara de frustraci√≥n emoji 

hashtag asca
hashtag diug"
372,1,0,0,0,0,MARICA!  emoji pu√±o en alto emoji  emoji pu√±o cerrado emoji
156,1,0,0,0,0,"@usuario bloody mary?!! pide una cerveza eso esta muy de tremendo marica ,considero"
529,1,0,0,0,0,Un joto que no sepa jugar mario kart es como un hetero que no sabe jugar fifa. Shame on you.
798,1,0,0,0,0,"Si Oswaldo S√°nchez es nefasto, verlo berrear me genera n√°usea!!! hashtag marica"
525,1,0,0,0,0,@usuario tiene que jugar en liga de Maricas!
490,0,1,0,0,0,@usuario Esa es lencha jaja
518,1,0,0,0,0,@usuario Qu√©date con tu Vieja  emoji cara sacando la lengua y gui√±ando un ojo emoji  emoji cara sacando la lengua y gui√±ando un ojo emoji  emoji cara sacando la lengua y gui√±ando un ojo emoji  pinche viejo joto emoji cara sonriendo con ojos grandes emoji  emoji cara sonriendo con ojos grandes emoji  url
3,1,0,0,0,0,"Se te acabo tu juego maldito joto asqueroso, esta me la pagas pq me la pagas,  emoji cara con mano sobre la boca emoji  emoji cara cabreada emoji"
521,0,1,0,0,0,@usuario No los beb√©s son una bendici√≥n y tienen derecho a vivir cierra tus piernas lesbiana solo profanas el odio a dios te vas a ir al infierno satanas es tu pastor que culpa tiene ese angelito de tu calentura te hubiera gustado que te abortaran? Maldita estupida sologenerasodio muerete
130,0,0,0,0,1,A los √∫nicos que yo voy a respetar su decisi√≥n y decir que es no binario son a los hermafroditas o sea en todo el mundo es menos del 1% el cual al d√≠a de hoy no he visto a ninguno confundido pidiendo que les reconozcan como no binario jaja
739,1,0,0,0,0,@usuario q gay te viste
752,1,0,0,0,0,@usuario -Dijo el joto
423,1,0,0,0,0,"@usuario Pobrecito..
No se le cayeron los lentes al mariquita. ?"
608,1,0,0,0,0,"Pap√° ¬øA qu√© hijo quieres m√°s?

Son mis hijos, a los dos los quiero por igual.

Pero somos tres.

S√≠, pero el maric√≥n no cuenta."
806,1,0,0,0,0,@usuario @usuario l√°stima que los maricas estos ya borraron sus comentarios. Han de estar arrepentidos o asustados
378,0,0,0,1,0,"@usuario Aaaayy no,o sea si debe estar chida la actuaci√≥n de este hombre pero no, ya me tienen hasta keke los trans"
113,0,1,0,0,0,"Las de Kittie parecian lesbianas, no como las mystica girls, ellas son bien femeninas"
48,1,0,0,0,0,No es posible que un hashtag gay no se sepa las hashtag canciones de @usuario !!!  emoji cara con ojos en blanco emoji
289,1,0,0,0,0,"¬øA d√≥nde te vas a ir de vacaciones?
-Nueva York
-Las Vegas
-Par√≠s
-Londres.
Todas las jotas clich√©s que no se saben otros destinos."
394,1,0,0,0,0,O ya mejor me hago puto
206,1,0,0,0,0,"Aaah, viejillo ma√±url pu√±al, dir√≠a yo url"
817,1,0,0,0,0,@usuario Aplican el 69 o que? Ches jotos
285,1,0,0,0,0,Pinche grupito de puros putos no mmes
641,1,0,0,0,0,Ahora ya s√© porque odio tanto a mi url Le va a Am√©rica el mariquita este.  emoji cara con ojos en blanco emoji
225,1,1,0,0,0,Si ya sabemos que te pones en cuatro por una chela y aqu√≠ vienes a tuitear que te haces la dif√≠cil. Jota rid√≠cula.
502,1,0,0,0,0,@usuario @usuario @usuario @usuario De todos modos nadie te cree !!! Solo sabemos que eres un periodista amarillista y homosexual !!!
120,0,0,0,1,0,@usuario @usuario no manches ese es un transformer
742,1,0,0,0,0,"3 de cada 10 hombres son gays, 4 de los 7 restantes son mayates y los 3 √∫ltimos se les podr√≠a llamar hombres. 
Que le esta pasando al mundo?"
515,1,0,0,0,0,Donde estan los maricas?
221,0,0,0,1,0,"As√≠ nuestro M√©xico que consulta a un charlat√°n y transexual para ver como le ir√° este a√±o, dan hueva paisanos hashtag mhoni es hechicero de satanas"
431,0,0,0,0,1,Ttu te estas tirando a ese trol bizco y sifilitico y yo soy la loca jaja
171,1,0,0,0,0,"Al final de la transmisi√≥n del Cazul-Ame por la App de @usuario ponen a @usuario a hablar mal del @usuario , televisa eres una arrastrada, que hace el coyon en un programa de deportes? Por eso te quieren dejar sin dientes marica hashtag red amlo hashtag lo dice el sult√°n del norte"
665,1,0,0,0,0,"Son unos abusivos, pero con los delincuentes se portan como mariquitas. url"
660,1,0,0,0,1,emoji cara revolvi√©ndose de la risa emoji  emoji cara revolvi√©ndose de la risa emoji  emoji cara revolvi√©ndose de la risa emoji  vaya pu√±url emoji cara revolvi√©ndose de la risa emoji  emoji cara revolvi√©ndose de la risa emoji  emoji cara revolvi√©ndose de la risa emoji  url
716,1,0,0,0,0,@usuario par de maricones
427,1,0,0,0,0,Goool goool!!! Rayado maricon!!!
658,1,0,0,0,0,@usuario @usuario No eres m√°s joto por que no eres m√°s alto. Tremendo puto¬°
409,1,0,0,0,0,@usuario @usuario Veeerga y hay quien cree eso? Que este idiota maricon hizo algo bueno por Chiapas? Digo adem√°s de AMLO y sus 30 millones de idiotas
123,1,0,0,0,0,Y el premio de los mellizos putos es url url
335,1,0,0,0,0,"@usuario @usuario Visaje el suyo marica, ya s√© ve peor que ya sabemos quien ..."
180,1,0,0,0,0,Que maricas se ven los Corazones en cada hashtag tweet !
161,1,0,0,0,0,Les jurooo que no quer√≠amos bailar tan joto  emoji cara llorando de risa emoji  emoji cara llorando de risa emoji  emoji cara llorando de risa emoji  emoji cara sonriendo con cuernos emoji  @usuario @usuario url
713,1,0,0,0,0,"Vas al GYM. haces pesas, Sientes que tus brazos son los de @usuario vez al espejo y un pendejo tom√°ndose fotos pal' feis hashtag selfie  hashtag maricas"
432,1,0,0,0,0,"""@usuario: @usuario  o para mayates jaja :) como tu comprenderas jaja"" jaja como tulip√°n jaja"
117,1,0,0,0,0,@usuario Por mi arr√°ncatela viejo joto
827,1,0,0,0,0,@usuario @usuario @usuario @usuario Pues el ENVY te apuesto hubiera matado por url Que lastima que te escudes en un perfil falso para tirar tanta mierda siempre maricon!
851,1,0,0,0,0,@usuario Mariquita sin calzones!
579,1,0,0,0,0,MARIQUITA SIN CALZONES ! url
444,0,0,0,1,0,@usuario D√≠selo a el transg√©nero que gan√≥ miss Espa√±a
489,1,0,0,0,0,"Los hubieras abrazado, joto url"
240,1,0,0,0,0,No me deja de doler la panza por todo lo que he comido emoji cara de frustraci√≥n emoji Que pas√≥ amigo? D√≥nde qued√≥ ese est√≥mago de hierro? nos estamos poniendo medio gays.
134,0,0,0,0,1,"O mejor ""todos"", q incluye femenino, masculino, transg√©nero, homosexual, bisexual y lo q esta semana agregue la correcci√≥n pol√≠tica. url"
155,1,0,0,1,0,"@usuario Ah√≠ si, me dijo mariquita, me dijo La vestida! Jjaja jaja que nena eres! hashtag quenenaeresnoro√±a"
139,1,1,0,1,1,"Tengo familiares Gay, Trans y lesbianas a los que amo much√≠simo. Pero ellos tienen sus propios concursos, Miss universo si deber√≠a ser solo para mujeres. url"
833,1,0,0,0,0,@usuario Dile a medrano q no se joto y hable mal de su mugre empresa y vendan al equipo !!!
60,0,0,0,1,0,Cre√≠ que era Anah√≠ pero s√≥lo result√≥ ser un trans. url
794,0,1,0,0,0,"@usuario ¬øHa intentado apagar, y luego volver a encender a su lesbiana?

url"
165,1,0,0,0,0,"Mi hijo tiene tendencia homosexual ¬øqu√© hago? url
Padres &amp; Hermanos Paulinos url"
300,1,0,0,0,0,Tener todos los √°lbumes de Justin en iTunes no me convierte en gay verdad?
447,1,0,0,0,0,"Es de homosexuales, mostrar una foto de la mano ara√±ada por un gato, como si se fueran a morir."
398,1,0,0,0,0,Pinche joto!!!
297,1,0,0,0,0,"@usuario Puro pinch√© chairos y chairas huevonas que se pongan a chingarle y dejen de estar de mariquitas 
Por eso estamos como estamos por esta gente que no sirve para nada
A chingarle a trabajar y estudiar
Bola de bale madres como √©l gobierno chairo que tenemos encabezado por L√≥pez  emoji cara con s√≠mbolos en la boca emoji  emoji b√≠ceps flexionado emoji"
131,1,0,0,0,0,Tenia que ser su hermano jaja igual de pinches jotos los dos emoji cara llorando de risa emoji  emoji cara llorando de risa emoji  emoji cara llorando de risa emoji
314,1,0,0,0,0,"@usuario @usuario Los insultos no son por  informar, son por mal informar, para desprestigiar,  andan pregonando de lo que carecen el que se lleva aguanta y no anda de cobarde ni de chill√≥n c√≥mo marica de ropero viejo No que muy s√°cale punta hip√≥crita.."
782,1,0,0,0,0,"@usuario @usuario joto, joto rend√≥n, fuera de M√©xico RT"
634,1,0,0,0,0,"100% de los hombres: ""eh we. Eres bien marihuano verdad cabron, te vez bien pinche lil pump""
75% de las mujeres: ""hay te vez super lindo, y ni√±o bueno""
15% de las mujeres: ""vi g√ºerito de ojo de color y dije 'ha de ser bien pinche puto' ""

Siempre, SIEMPRE"
840,0,0,0,1,0,@usuario si. Es una costumbre social que no vivimos. Aunque he conocido a chicas trans que cargan tampones para esconderse LOL. Rid√≠culas.
470,1,0,0,0,0,Me dar√≠a oso que mi novio se pusiera de joto con sus amigos cuando anda bien pedo @usuario @usuario url
38,1,0,0,0,0,@usuario @usuario Que marica.
249,1,0,0,0,0,@usuario No uso desodorante ni art√≠culos homosexuales yo huelo a hombre
53,1,0,0,0,0,Pinches jotos hashtag civil war hashtag team iron man hashtag team stark url
194,1,0,0,0,0,"Mis felicitaciones por este medio a los dos putos de la 4 shit @usuario  y @usuario no son gays pero ,si se los siguen cogiendo , si se pueden hacer ! url"
136,1,0,0,0,0,"No  se conforman con ser jotas, tienen que ser feas y, encima de todo, hablar como ni√±as.

¬°VER-GA!"
429,0,0,0,1,0,Comprobado. SER TRANS ES EFECTO SECUNDARIO DE LA CLONACI√ìN. url
578,0,0,0,1,0,"Esos weyes que tienen cejas de travesti sabe que me dan, como la jota de la tele"
281,1,0,0,0,0,RT @usuario: Malo que fuera joto jJjaja  emoji cara llorando de risa emoji  emoji se√±al de aprobaci√≥n con la mano emoji  url &lt; Que triste. Que fuerte ver a un chiquito hablar as√≠. :(
35,1,0,0,0,0,@usuario @usuario pinches jotos.
439,1,0,0,0,0,Solo los jotos. url
532,1,1,0,0,0,Y hablando de lesbianas.. ya vieron la √∫ltima foto de Justin Bieber? XD
710,1,0,0,0,0,@usuario maricon de mierda!!! @usuario
66,1,0,0,0,0,@usuario Crei que nada superar√≠a al de multa por marica  emoji cara sonriendo con superioridad emoji
476,1,0,0,0,0,Pinche viejo joto tienes como 50 a√±os yendo a tocadas sabes que te van a empujar agu√°ntese.
399,1,0,0,0,0,"@usuario @usuario Ese mariconcito todo rayado es el que dice que al Presidente lo apaleen? Chales, seguro no sale de antros gay, para despu√©s simular heterosexualidad. Sin bronca por lo LGBTTI, comunidad muy respetable, pero desde China y con neblina se le nota lo maric√≥n, lo cobarde y lo alienado"
412,0,0,0,1,0,Kpx con mi voz de trans.  emoji pistola emoji  emoji pistola emoji
52,1,0,0,0,0,En un universo alterno @usuario es chairo y @usuario no se volvi√≥ pu√±al.
377,1,0,0,0,0,"La verdad Ricky es el mejor amigo hombre que todos deber√≠an tener, yo lo quiero mucho. (Que bueno que no tiene Twitter porque luego me da un putazo por joto)  emoji coraz√≥n rojo emoji"
615,0,0,0,1,0,Como cuando te maquillas un chingo para dejar de verte como una mujer fea y entonces te ves como un travesti feo. url
520,1,0,0,0,0,"""el hijo del Santo, contra el pinche gringo pu√±al"" as√¨ gritan aqu√≠"
824,1,0,0,0,1,"SubeteAMiMoto 
No porque soy jot√≥
Y me puedo caeeer
hashtag remixfist url"
239,1,0,0,0,0,"@usuario pinche joto maricon, decepcionante tu participaci√≥n, jam√°s pagar√≠a por verte nuevamente en el oct√°gono"
246,1,0,0,0,0,Y la jotita Michoac√°na?
511,1,0,0,0,0,@usuario Da tu tanda maricon
28,0,0,0,1,0,Los trolebuses del desgobierno de @usuario son idiotas. Uno se pone Valeria y dice que tiene pito O es travesti o tiene el clitoris desarrollado
709,1,0,0,0,0,@usuario @usuario @usuario @usuario @usuario @usuario @usuario @usuario Pero ponchito para ser politicus primero evita la parranda y el baile gay  ok es mala url url
265,1,0,0,0,0,"@usuario No tiene, es pu√±al"
558,1,0,0,0,0,"@usuario @usuario Ahhh pero sus homosexuales pregonando su ""Love"" por todo el mundo. Son iguales de locos que todos. O hasta peores."
244,1,0,0,1,0,"Intensamente y Creed, todo lo dem√°s est√° de hueva, pretencioso y gay te odio puta chica danesa"
103,1,0,0,0,0,Ya cualquier pu√±etas cr√≠tica a lo pendejo y a la hora de responder url Pinches jotos
276,0,1,0,0,0,"Alguien recuerda cuando sali√≥ Justin Bieber con su sencillo ""Baby"" y todos pensamos ""que bueno que le den la oportunidad a una lesbiana""???"
110,1,0,0,0,0,No entiendo porque existen hombres tan maricones !! DIOS MIOOO! Que. Penita
455,1,0,0,0,0,@usuario ESTAN PARA LLORAR LES DEBER√çA DAR VERG√úENZA BARRIDOS POR LOS @usuario si no tienen ganas de jugar ded√≠quense a otra cosa juegan como unas mariquitas  emoji cara con s√≠mbolos en la boca emoji  emoji rata emoji  emoji cara vomitando emoji
159,0,1,0,0,0,Que estar√° haciendo la machorrita  @usuario
235,1,0,0,0,0,Nada m√°s peligroso que un joto con Autoestima demasiado alto!
426,1,0,0,0,0,Me caga que los jotos se hagan los que url
112,1,0,0,0,0,@usuario  haha los maricones ya no jugaron XD
602,1,0,0,0,0,@usuario  @usuario @usuario  jaja sali√≥ llorando el joto cabron jajjj
743,1,0,0,0,0,La marica loca quiere bailar
513,0,0,0,1,0,"- ¬øPorque no puedo hablar del aborto?
Post moderno - ""No eres individuo de la especie humana con √∫tero""
- Los transexuales tampoco tienen √∫tero.
Post moderno - ""chtm, discurso de odio, cavern√≠cola, retr√≥grada, y t√∫ pinche Dios que!!"" 

As√≠ razonan.  emoji cara sonriendo con gafas de sol emoji"
441,1,0,0,0,0,@usuario Puto-Maric√≥n @usuario @usuario @usuario Idiotas y corruptos todos @usuario Para que lo tienen de pie url
329,0,1,0,1,0,"Me acabo de enamorar de un hombre y resulta que es lesbiana, juay Diosito me haces esto to me?"
262,1,0,0,0,0,@usuario pinche joto!
223,1,0,0,0,0,¬øDescansaron al joto asqueroso de Alex Kaffie para que @usuario estuviera en @usuario ?  emoji cara llorando de risa emoji  emoji cara llorando de risa emoji  emoji cara llorando de risa emoji
852,0,0,0,1,0,Y hombres trans al ba√±o de mujeres. url
571,1,0,0,0,0,@usuario Los maricones de los 49s
646,0,0,0,1,0,@usuario esa foto de portada que ?? Jjaja che transformer feo eww
706,1,0,0,0,0,Esto se va a descontrooolooolaaar @usuario  ll√©vate al joto de Mario Bautista plis
563,1,0,0,0,0,Y se√±or marica @usuario @usuario
167,1,0,0,0,0,"@usuario Literal Paquito, me cago! Me harto la jota!"
688,1,0,0,0,0,Estaban unos vatos gays enfrente de mi y de besaron bien cabron que hasta me sent√≠ violado
241,1,0,0,0,0,"@usuario @usuario Vean como el presidente electo por 30 millones de ilusionados con un supuesto cambio, no cumple nada de lo que ofrece. Aunque se trate de casos de vida o muerte. Ahora despu√©s del ni√±o ahogado @usuario reacciona, no por apoyarlo, sino por intentar no ser impopular. Maricon."
692,1,0,0,0,0,@usuario @usuario Maricas Neoleoneses.. as√≠ como su Goberladron.. de a Apandejados.. url
481,1,0,0,0,1,"@usuario @usuario Y lo merecen, o solo es darle un premio a alguien por ser ""gay, Moreno o Negro, madre soltera o con alguna discapacidad""?  emoji cara pensativa emoji"
814,1,0,0,0,0,@usuario me cago de risa el twit de joto el que se dio cuenta que no ten√≠a la corona hahaha
24,1,0,0,0,0,"@usuario Por fin se te quito lo puto, celebro."
294,1,0,0,0,0,@usuario marica
845,1,0,0,0,0,@usuario Y m√°s si los priistas devuelven todo lo que se robaron empezando por la rata mayor epn y el joto de Mancera
612,0,0,0,1,0,"Me reeemputa que dejen jugar mujeres trans en torneos femeniles, como vergas bloqueas a un@usuario cabron@usuario de 1.80 que pesa el doble que t√∫ y tiene el triple de fuerza"
723,1,0,0,0,0,"Ya no conozco a nadie en el pueblo, para salir, solo mi mejor amigo y el marica ya s√© fue a dormir!!! Eso me obliga a beber solo  emoji cara triste pero aliviada emoji"
150,1,0,0,0,0,Un putito as√≠ url
41,1,0,0,0,0,@usuario ta bueno joto despues lo veo
346,1,0,0,0,0,Paco maric√≥n QL url
94,1,0,0,0,0,@usuario jotos maricones como @usuario  url
456,0,1,0,0,0,Ahora todos piensan que soy lencha  emoji cara preocupada emoji  emoji cara preocupada emoji
217,0,0,1,0,1,"Pinches cient√≠ficos pillos. Economizar el desarrollo de biocombustibles? nel, vamos a investigar cu√°les animales suelen ser bisexuales, lol"
659,1,0,0,0,0,"""Ni de mamada aceptar√≠a el h√≠gado del pendejo de mi hijo el potrillo""

Vicente no podemos decir eso.

Ok entonces ""Rechac√© el transplante porque qu√© tal qu√© es de un homosexual o un drogadicto"""
381,1,0,0,0,0,@usuario ¬°c√≥mo me caga que siempre que hay ventaja se convierten en unos putos maricones y ah√≠ es donde nos friegan carajo!
23,0,0,0,0,1,Pide a @usuario que no adoctrine a nuestros hijos con ideolog√≠a de g√©nero en sus programas infantiles. FIRMA:  url
268,1,1,0,1,0,"@usuario Que renuncie este estupido presidente antiPorfirista, y que renuncien todos los del senado de la Republica por permitir que  los maricas y lesbianas, y transexuales sean respetados. DEBEN SER FUSILADOS."
388,0,0,0,1,0,@usuario Se volvi√≥ transg√©nico y transgenero y ahora tuitea con el arroba de Lizmenita
352,1,0,0,0,0,Para qu√© ser una jotita discreta si puedes ser hetero-moderna.
416,0,1,0,1,0,"@usuario cada que alguien te discrimine, lencha, piensa que t√∫ igual discriminas a todas las mujeres Trans que no veas ""ok"" TOMA TRH"
292,1,0,0,0,0,"@usuario Que puto primero se burla de nuestro crack y luego llora cuando lo encaran 
hashtag marica"
200,0,0,0,1,0,"R√°pido.. ¬øCU√ÅLES ERAN ESAS RESPUESTAS?

Also ""pitonisa"" es un excelente nombr alburero para una mujer trans. url"
173,1,0,0,0,0,Sabes que un hombre es gay cuando pone un playlist de Roc√≠o D√∫rcal.
100,1,0,0,0,0,@usuario @usuario Entre m√°s viejo mas pendejo y m√°s maricon Norona.
496,1,0,0,0,0,Donde estar√°n esos tres chivas maricones que creyeron que por una imagen de pulido me iba a emputar?
91,1,0,0,0,0,@usuario Me puedes criticar pero llamarme afeminado es tremenda falta de respeto. Como buen milenial no mides bye
779,1,0,0,0,0,¬°Queee pinches tigres maricones!
803,0,0,0,1,0,@usuario @usuario url tambi√©n hay mucho travesti y trans  emoji cara con ojos en blanco emoji
785,1,0,0,0,0,Weee tipo cuando llega el joto que le pegaste en semanas pasadas y se sienta a lado de tu mesa!!! url
568,1,0,0,0,1,@usuario Es que no se pod√≠a parar a reclamarle jaja url
510,1,0,0,0,0,"A moco tendido con la peli de ""Votos de amor""  emoji cara llorando fuerte emoji 
As√≠ o m√°s marica?  emoji cara con ojos en blanco emoji"
222,1,0,0,0,0,Jueguen pinches jotos que para ser campe√≥n le tienes que ganar a todos
214,1,0,0,0,0,"Que joto queriendo hacer un gol, fingiendo una falta.  

hashtag tipicodelamerica"
188,1,0,0,0,0,Esta el joto que siempre se me queda viendo ü§¶ emoji tono de piel claro emoji ‚Äç
354,0,0,0,1,0,"@usuario @usuario @usuario no hay broncas, usemos mujeres Trans peluqueras para hablar de orientaci√≥n sexual. Educaci√≥n nula."
471,1,0,0,0,0,"@usuario A parte de los penales p√©simamente ejecutados, eso no lo dicen ni @usuario, ni los maricas de @usuario o @usuario."
551,1,0,0,0,0,@usuario Ahora ya eres tigre maricon. Pinche vendido si quieres vente te pago el boleto para que veas coronarse a las Chivas
711,1,0,0,0,0,Un joto mas feo que otro
729,1,0,0,0,1,Rarito negro idiota
353,1,0,0,0,0,"@usuario @usuario en contra, debe ser pap√° y mam√°, m√°s no gay y gay. Saludos desde el sur del df. Tr√°fico fluido el sabueso dl Sur"
76,1,0,0,0,0,"@usuario @usuario @usuario @usuario @usuario @usuario @usuario @usuario @usuario @usuario @usuario @usuario @usuario @usuario Si. Hueva. Da la misma que una jota sea un puto o una pasiva. ¬øPara que diferenciar entre oso, activa y twink? Pinches categor√≠as innecesarias de maricones y afeminados. Todo es lo mismo que ""Gay""."
242,1,1,0,0,0,@usuario Creo que usted viene de una relaci√≥n gay o l√©sbica verdad o es extraterrestre pero  confunda el amor como usted dice con una cogida. Los hijos sagrados y usted no tiene car√°cter social ni etico ni moral solo es su vana expresi√≥n queda shows. Por 1ra vez contigo  @usuario
861,1,0,0,0,0,"Alguien es bien nena, mariquita y flojo y adem√°s no quiere aceptarlo."
73,1,0,0,0,0,"¬ø Crees correcto que no podamos utilizar la palabra maric√≥n porque nos sancionan?
La RAE la avala url"
846,1,0,0,0,0,@usuario estaba rimando contigo pu√±al
683,1,0,0,0,0,"@usuario @usuario @usuario Me hace falta beber contigo. Hoy coincido mucho, la neta s√≠ es de maricas."
829,1,0,0,0,0,@usuario cuando te cases puto url
425,1,0,0,0,1,"Una de las cosas m√°s vale verga y jotas del mundo es decirle hashtag tipa a una mujer. Mejor dile hashtag puta, suena menos mal. Si lo haces, homie: url"
347,1,0,0,0,0,Homosexuales de agarran a pu√±aladas? El chiste se cuenta s√≥url url
460,1,0,0,0,0,"Ser un maniaco depresivo no es tarea f√°cil, hay quien piensa que se trata solo de andar chillando con pel√≠culas de perritos perdidos y la verdad va mas all√° de ser un gordo marica."
118,1,0,0,0,0,@usuario Una botella de alchol para este borracho pendejo q en su secsenio nunca baj√≥ mucho menos en el del maricon de pe√±a
642,1,0,0,0,0,@usuario jaja marica? De verdad crees que soy marica? Jjaja
114,1,0,0,0,0,"@usuario Eduardo Ver√°stegui termin√≥ de mayate de pol√≠ticos, le deja m√°s que trabajar en Televisa."
795,1,0,0,0,0,@usuario El joto Magallanes  emoji cabeza parlante emoji  emoji cabeza parlante emoji
848,1,1,0,0,0,"@usuario @usuario @usuario @usuario No te preocupes yo no atiendo gays ni lesbianas, es muy conocido que no simpatizo con esa comunidad y prefiero no atender asuntos ni tener ese tipo de clientes, exponiendo a mis colegas o a mi a ser ""chuleados"" por personas que no saben respetar al otro.
Buenos d√≠as."
5,1,0,0,0,0,Me regresa el acento colombiano! Maricas mal paridos
552,1,0,0,0,0,@usuario tu eres por gay
503,1,0,0,0,0,"@usuario jaja tambi√©n por maric√≥n, jaja alv es cierto ¬øno te doli√≥? Es una mezcla de lo mejor del Barca y el Madrid sin Messi y CR :("
715,0,1,0,0,0,Cuando tenga una obra contratar√© alba√±iles negras lesbianas porque hashtag equidad de genero e hashtag incluyente.  emoji se√±al de aprobaci√≥n con la mano tono de piel oscuro medio emoji
69,1,0,0,0,0,Maricon  @usuario url
14,1,0,0,0,0,T√≠pico que van a jugar gotcha y se cubren como con 10 chalecos de kevlar los muy homosexuales.
853,1,0,0,0,0,"T√≠pico no le contestas un DM y dejan de seguirte, que mariquita  emoji pu√±o en alto emoji"
601,1,0,0,0,0,Maricon! Jjaja url
369,1,0,0,0,0,"@usuario @usuario usted, joto xdd"
78,1,0,0,0,0,@usuario @usuario @usuario el @usuario tiene como 1 semana sin url debe andar pedo! Pinche tigre Joto!
202,1,0,0,0,0,Mi @usuarioe Pitos Toca En Los hashtag golden globes??? Maldito Joto Feo!  url
154,1,0,0,0,0,"Todos tenemos ese amigo que dice ser gay √∫nicamente para sabrosear a sus amigas  emoji cara llorando de risa emoji  emoji cara llorando de risa emoji 
Bien ah√≠ campe√≥n"
639,1,0,0,0,0,"Estaba viendo el v√≠deo de como se encontraron Edson y S√°nchez y en los comentarios un aficionado comento que falta uno nuestro mism√≠simo Haret, no falto el wilo maricon que dice que es un tronco y mal√≠simo  emoji cara llorando de risa emoji  emoji cara revolvi√©ndose de la risa emoji 
hashtag diablos twitteros url"
479,1,0,0,0,0,"@usuario Y todo para que??  Para que termines mordiendo almohadas.

Mayate!"
559,0,0,0,1,0,"Ya parecen transformers esas madres, y ciertamente soy pobre url"
4,1,0,0,0,0,@usuario Ser√° a los jotitos.??ellos prefieren las banderillas. emoji cara revolvi√©ndose de la risa emoji  emoji cara revolvi√©ndose de la risa emoji  emoji cara revolvi√©ndose de la risa emoji
577,0,1,0,0,0,"Si no traes un peinado de Gok√∫, entonces no eres lesbiana"
656,1,0,0,0,1,"@usuario Jjaja puto descarado, borracho y ma√±a influencia  emoji cara llorando de risa emoji  (de nuevo porque lo escrib√≠ mal ggg)"
54,1,0,0,0,0,Hay alg√∫n jugador m√°s puto y maricon que Gago??? @usuario
467,1,1,0,0,0,"@usuario @usuario @usuario @usuario Por mi se pueden morir, no tengo conveniente. @usuario url"
266,1,0,0,0,0,"@usuario @usuario Nel mi hashtag mbappe, que chingue a su madre el putito de  emoji caca con ojos emoji  de hashtag neymar, un hashtag aigrecito juerte y se cae pinque mariquita de mi√©rcoles hashtag alv"
677,1,0,0,0,0,@usuario si pero en pu√±al
293,1,0,0,0,0,"Por que hay puros PUTOS ah√≠ ? 
Por que lloran como se√±oritas los hombres ? 
Son puros pu√±ales ?  url"
71,0,0,0,0,1,"Vecinos! Esta noche proyectaremos con @usuario el documental de @usuario para @usuario: ""Trans""! 8 pm, Callej√≥n del 57! url"
565,1,0,0,0,0,"@usuario eres un pu√±al, Papayita."
2,1,0,0,0,0,La partida de skywars que me ha hecho enojar mas que ninguna otra ven para ak marica url
25,1,0,0,0,0,@usuario Uy un joto
308,0,1,0,0,0,@usuario tienes una sobrina lenchita desde chiquita o ten√≠a hambre nada m√°s?
216,1,0,0,0,0,Traguese bien la verga o lo madreo pu√±al url
343,1,0,0,0,1,Tantos tatuajes y yo taaan pobre y marica al dolor  emoji cara de frustraci√≥n emoji
748,1,0,0,0,0,@usuario @usuario @usuario @usuario @usuario Jjaja que joto!
522,1,0,0,0,0,"Yo solo vine a gritarle ""Puto"" al portero del Le√≥n, como la damita que url  emoji cara de alivio emoji  emoji mano haciendo el signo de cuernos tono de piel claro medio emoji"
166,1,0,0,0,0,"Mira pendejo tu mides como 1.50 mts.
No tienes piernas ni nalgas, est√°s feo y prieto, y para terminar, porque juzgas, no me conoces, no te ense√±aron respeto en tu casa?
Que no sabes que uno no debe entablar conversaci√≥n con url hashtag envidioso t√∫ eres marica"
595,0,0,0,0,1,"Si fuera mujer, definitivamente ser√≠a url La mujeres son la perfecci√≥n"
593,1,0,0,0,0,"@usuario El respeto se gana, y mi respeto comienza y termina donde empieza el suyo, pero adem√°s yo no le he faltado el respeto a ud. ni a ning√∫n joto en particular pues yo generalice llamando as√≠ a todos los que son de culo alegre; perd√≥n por mi sinceridad. Que pase usted una linda tarde."
331,1,0,0,0,0,"¬°No te tocaron, pinche maricon!"
177,1,0,0,0,0,@usuario bien que te gustaba el peque√±o marica :P
621,1,0,0,0,0,Che marica url
375,1,1,0,0,0,"¬øPor qu√© hay tantos homosexuales y lenchas en la carrera de QFB, aqu√≠ en la UAM? ¬°¬øPINCHES POR QU√â?!  emoji cara mareada emoji"
437,1,0,1,0,0,"@usuario PERO luego tienes un grupo de gente bisexual que criaron ense√±ando a negar una parte de su sexualidad. PERO SABEN que ah√≠ est√°, y se la pasan preguntando ""si yo me ense√±√© a que no me gusten los hombres.. por que chingados este homosexual no puede hacer lo mismo?"""
247,1,0,0,0,0,9 pu√±ales vi√©ndose fijamente. url
373,1,0,0,0,0,"Lamentable que mis seguidores hombres, sean tan homosexuales. url"
544,1,0,0,0,0,Neta me tuve que hacer un spoiler pa que todo resultara s√∫per gay  emoji cara con ojos en blanco emoji
472,1,0,0,0,0,"Eres gay u homosexual porque tienes muchos/varios hermanos, la pr√≥xima vez que te pregunten puedes decir que es a causa de tus hermanos  emoji mono con la boca tapada emoji  url"
499,1,0,0,0,0,@usuario @usuario OSEA ESO QUE SON DOS MARICONES MEJOR HM
549,0,0,0,1,0,"Siempre me da ganas de darle un chirulazo a esta mujer que parece travesti que siempre dice ""me brinca"" hashtag lo que le hace falta es un buen brinco"
524,1,0,0,0,0,@usuario @usuario Un ojo de puta marikita.
695,1,0,0,0,0,Veo un Madrid como el de costumbre: Puerco y maric√≥n.
307,1,0,0,0,0,"@usuario Aplica de cualquier modo, si muchos homosexuales michoacanos fueron a cedemex se desequilibr√≥ la balanza dejando una concentraci√≥n anormal"
501,1,0,0,0,0,@usuario No sea joto
234,0,0,1,0,0,"Muero de risa cuando platico con un tipo que dice ser bisexual, activo s√∫per discreto, pero jam√°s ha tenido novia y sus ex son pura jota  emoji cara llorando de risa emoji  emoji cara llorando de risa emoji  emoji cara llorando de risa emoji"
701,1,0,0,0,0,hashtag es tiempo de que ya mandes un mensaje al grupo mariquita @usuario
430,1,0,0,0,0,@usuario @usuario aiii el puto y sus mayates jaja asta ke no la violen en campeche
542,1,0,0,0,0,"Ya mejor me duermo, no vaya a ser que se me incentive el instinto suicida/darks/marica."
191,1,0,1,0,0,"¬øSaben como fue que Sheinbaum desapareci√≥ el cuerpo de granaderos? 

Exacto. Los volvi√≥ bisexuales. MAFIA GAY."
151,1,0,0,0,0,@usuario es que tu sabes que ha esta hora se me sale lo marica xD y no finjas que tu tambien me dices cosas lindas /.* [que weca x) ]
435,1,0,0,0,0,Esta Brucita tambi√©n es mariquita!  emoji mujer bailando tono de piel claro medio emoji
256,1,0,0,0,0,Puto el que lo lea :v
755,1,0,0,0,0,@usuario no no !!! Esq la marica de @usuario  sali√≥ con sus cosas a la mera hora y ya no pude hacerte invitaci√≥n ! hashtag t qhija
737,1,0,0,0,0,"@usuario @usuario ahi vas de joto a ponerte aretes y pulseras, no te digo, si nomas buscas oportunidad jaja"
669,1,0,0,0,0,Se ver√° muy joto el baking?  emoji cara llorando de risa emoji
383,1,0,0,0,0,@usuario @usuario @usuario y le va a regalar un tradicional chorizouw a su hermano Marica
145,1,0,0,0,0,"Si creen que a las Argentinas no les importa nada, no saben lo que son en Mexico  emoji chile picante emoji .
Pd: Ya me quisieron coger dos gays  emoji cara con mon√≥culo emoji  emoji pulgar hacia arriba tono de piel medio emoji"
694,1,0,0,0,0,"Hombres:
Voy a mirarla a los ojos para que crea que le pongo atenci√≥n.

Mujeres:
¬øSer√° que es marica? ¬øPor qu√© no me mira las tetas?"
797,1,0,0,0,0,Te tengo a un lado y no te lo digo por marica jaja /:
533,1,0,0,0,0,@usuario @usuario @usuario @usuario Pide pruebas y se las llevan y se zurra. As√≠ de maricon es.
215,1,0,0,0,0,"Y ese JAVIER a la torre que? Si ni siquiera sabe si es hombre o que? Experto en mentiras y edici√≥n de noticias, deber√≠an de vetarlo hasta del mundo de los homosexuales. Mariquita sin calzones url"
654,1,1,0,0,0,"- Oye ¬øya les dijiste a tus padres que eres homosexual?  -No, pero ya me inscrib√≠ en la facultad de comunicaci√≥n."
773,1,0,0,0,0,"@usuario no hab√≠a visto tu foto de perfil, AJAJAJAJAJ k gay"
573,1,0,0,0,0,"Mis ""juegos del hambre""  fue MATRIX!! ,  putos milenials jotos  emoji cara gui√±ando el ojo emoji"
196,1,0,0,0,0,Maricas url
726,1,0,0,0,0,"@usuario @usuario Se me hace que entre los 2 se quieren coger a @usuario, par de Mayates."
495,1,0,0,0,0,@usuario ?utooo!!! Matarile al maricon!!!
17,1,0,0,0,0,PUTOS TODOOOS
667,1,0,0,0,0,Adivinen quien maricas me dejaron sola viendo Anabell por qu√© les dio miedo  emoji cara sin boca emoji   si mis hermanos  emoji cara con mano sobre la boca emoji  emoji cara de por favor emoji
27,0,0,0,1,0,Hay mujeres que parecen travestis  emoji cara angustiada emoji  emoji cara con mano sobre la boca emoji  hashtag sorry not sorry
277,1,0,0,0,0,@usuario y es un joto pocos huevos. Si tienes foto: dm y la publicamos nosotros!!!
395,1,0,0,0,0,"Mi Compa es bien marica, pero est√° curado el vato.  emoji cara llorando de risa emoji  emoji cara llorando de risa emoji"
228,0,0,0,1,0,(Igual y cachamos a un transformer con este tuit. Y miren.. NO ESTAR√çA PARA NADA TRISTE CON ESO)
320,1,0,0,0,0,"Lo siento, soy muy marica para el dolor )':"
147,1,1,0,1,0,"@usuario @usuario @usuario Yo no tengo nada en contra de los homosexuales,lesbianas, travestis, transexuales etc, etc, para nada. Pero como ya hubo un caso, osea hay un antecedente ¬øporqu√© tenemos que arriesgar a las mujeres o ni√±as a que vuelva a suceder?
Es mi opini√≥n. Pero ""ojo"" no es ley. Cada quien."
815,1,0,0,0,0,"Profe ¬øQu√© es la homofobia?
C√°llese maric√≥n. 
Oiga profe, respete a mi compa√±ero
Uy, lleg√≥ su novio a defenderlo. BESO!! BESO!! BESO!!"
494,1,0,0,0,0,"Si tu marido no te defiende de NADIE, Felicidades no tienes marido tienes un marica.  hashtag se tenia que decir yse dijo"
449,1,0,0,0,0,hashtag mexico vs dominicana como se ve q todo est√° arreglado para q M√©xico gane es falso y Rosique no seas pu√±al Mao guau no seas puto cabron
616,1,0,0,0,0,@usuario por que salio libre el puto ??
106,1,0,0,0,0,@usuario  Y esperabas tu arco√≠ris  emoji arco√≠ris emoji  marica?
350,1,0,0,0,1,@usuario Quien va a querer ser una loca amanerada?
523,1,0,0,0,0,"@usuario Soy llorar joto, nom√°s los d√©biles lloran!"
389,0,0,0,1,0,@usuario no hay nada que me de mas disgusto que ver a una persona Trans que pasa escondiendo ser Trans. Como si .. Que.
448,1,0,0,0,0,Me caga lo marica que puedes llegar a ser
93,0,0,0,0,1,Ya casi es Junio y tu sigues de puta hashtag el gorgojo de morena
259,1,0,0,0,0,"Todos ofendidos porque Molotov cantaba PUTO, wey en M√©xico el PUTO no lo vemos como sin√≥nimo de ""homosexual"" PUTO es el que le pone salcita de la que no pica a sus tacos, el que le va al America, el que se ofende de cualquier pendejada, esos son los PUTOS! url"
554,0,1,0,0,0,"Me cambiaste por una gorda, m√≠sera, machorra y culera.  emoji dedo coraz√≥n hacia arriba tono de piel claro emoji  emoji cara sonriendo con gafas de sol emoji  url"
762,1,1,0,0,0,"hashtag gan√≥ del mazo es NETA!? JAJAJAJAJA PAT√âTICOS PRIISTAS DE MIERDA NO VA A GANAR ESA JOTA DE CLOSET!
hashtag no mas pri"
170,0,1,0,0,0,"Por QU√â NO LE DICEN A ESTA LESBIANA QUE CALLADA SE VERIA MEJOR NADIE LE PIDIO SU PERRA OPINION Y ANTES DE HABLAR QUE SE LAVE EL HOCICO CON AGUA BENDITA LA SE√ëORA VER√ìNICA CASTRO ES UNA GRAN DAMA Y UNA GRAN MUJER .
SE TEN√çA QUE DECIR Y LO DIJE url"
254,1,0,0,0,0,@usuario @usuario @usuario Calmate afeminado
252,1,0,0,0,0,@usuario  e joto invitate a ver el juego el sabado jijiujiuj
306,1,0,0,0,0,Hey joto estoy aqu√≠ afuera de tu privada @usuario
547,1,0,0,0,0,@usuario @usuario @usuario Son pu√±ales y se pintan las u√±as. Para no decir que les tienen miedo a los verdaderos informadores.
686,1,0,0,0,0,@usuario @usuario Alguien no quiere pagar algo!? QUE PINCHE MARICA.
818,1,0,0,0,0,"""@usuario: 1hra de GYM y 1 hra de crossfit juntas no es de dios cansadisima vdd inche @usuario eres mariquita jaja nenita""tu eres gay"
428,1,0,0,0,0,"Los rumores son ciertos; los maricas la chupan mejor que las mismas url hashtag nadie me lo conto yo lo vi url"""
186,1,0,0,0,0,"Rayos, me bloqueo el marica"
269,0,1,0,0,0,"@usuario no sab√≠a que eras lesbiana aunque s√≠ tienes como tipo de machete, pero me sorprende que te encueres emoji cara con mascarilla m√©dica emoji  emoji cara con mascarilla m√©dica emoji"
162,0,0,0,0,1,hashtag ent√©rate Descubren reproducci√≥n asexual de pez sierra url url
413,1,0,0,0,0,Esos gays apenas no les puedes decir algo y ya piensan que quieres sexo Jjaja  emoji cara llorando de risa emoji
666,1,0,0,0,0,"Me caga sentir tanto por alguien,me caga el solo echo de sentir,me siento tan marica."
838,1,0,0,0,0,"Cc tu crush de la primaria te habla como si fueran los mejores amigos del mundo, jaja JOTO!!! ya ni me acordaba de tu existencia, no mms."
98,0,1,0,0,0,"@usuario No tiene nalgas, si es lesbiana jaja"
6,1,0,0,0,0,@usuario tu cola :/ yo solo respeto a las lesbianas y mujeres bisexuales 3 Jjaja los jotos que.
691,0,1,0,0,0,Me da mucha risa cuando las lenchas se creen un chingo cuando en realidad nadie las pela hashtag rid√≠culas
734,0,1,0,0,0,"""Dan asco las lesbianas xD"" -@usuario"
229,1,0,0,0,0,@usuario no sea joto capi
264,0,0,0,1,0,@usuario @usuario @usuario @usuario Mira nom√°s! Y el hombre trans tiene escroto? Digo aprovechando el comentario
368,0,0,0,1,0,@usuario Ese nombre suena a transexual jaja
599,1,0,0,0,0,@usuario biejo joto
761,1,0,0,0,0,Se paso de url y putito. url
728,1,0,0,0,0,Ahora si apuesta maricon @usuario  tu Mil√°n volver√° a llorar en octavos jaja
769,1,0,0,0,0,"@usuario No esper√© la respuesta, es una pregunta: Sabes como le dicen a los Gays ...""Palomitas con chile"""
403,1,0,0,0,0,"""@usuario: Los hombres dicen ""s√≥lo fue sexo"" para no verse tan maricas.

Las mujeres dicen ""fue por amor"" para no verse tan putas."""
627,1,0,0,0,0,@usuario Otra jota liosa de derecha
189,1,0,0,0,0,"hashtag me pongo borracho por puro gusto, nada por depresion eso es para maricas! xD"
332,1,0,0,0,0,@usuario @usuario No lloren jotos
303,1,0,0,0,0,Morirse en una clase de la escuela es pa' jotos
260,0,1,0,0,0,@usuario pero pues esta bien. No? Aclaro que lesbiana de las bonitas. De las que salen en las porno y as√≠. No de las de Tacubaya
144,1,0,0,0,0,@usuario @usuario @usuario Te vez m√°s joto sin barba
283,1,0,0,0,0,@usuario No me veo con unos pantalones atigresados!! Que jotos jaja
735,0,0,0,1,0,@usuario y s√≠ es travesti? Jjaja broma
11,1,0,0,0,0,"Your score : 67.101, Try again! I think you can do it well! url

Los reto pinches pu√±ales: @usuario @usuario @usuario 
Saque 67, no sean tramposos y contesten que sacaron a la primera."
702,1,0,0,0,0,Como que √∫ltimamente ando muy intolerante a la mirada lasciva de los pinches jotos hashtag aromper hocicos
594,1,0,0,0,0,@usuario @usuario Se me hace que eres pu√±al
531,1,0,0,0,0,Amiguitos tenga los huevos para decirles no y ponerle alto a su amiguitas nalgas prontas.Para que despu√©s no and√©n de maricones llorando!
469,1,0,0,0,0,"Que muy machin no?
Ah muy machin no?
Marica nena, mas bien putin no?
Que muy machin no?
Ah muy machin no?
Marica nena, mas bien putin no?
Que muy machin no?
Ah muy machin no?
Marica nena, mas bien putin no?
Que muy machin no?
Ah muy machin no? url"
127,1,0,0,0,0,@usuario @usuario ay! ay! t√∫ las traes. Maric√≥n.
631,1,0,0,0,0,@usuario @usuario perros ladren gloria  es gloria puntitos jotos
57,1,0,0,0,0,"Jjaja ... espero que t√∫ tambi√©n aguantes y te r√≠as cuando los ep√≠tetos lanzados a las mujeres  por el simple hecho de serlo te toquen a ti: ""maric√≥n"", ""mal cogido"", ""hist√©rico"", ""menop√°usico"", ""visceral"", ""ninguna verga te acomoda"", ""pinche viejo"", ""estridente"", ""brujo"" y m√°s. url"
33,0,1,0,0,0,Cuando las lesbianas salen a comer quien paga la cuenta? hashtag yo misogino
237,1,0,0,0,0,@usuario @usuario Cero y van dos pu√±al.
790,0,1,0,0,0,"@usuario NO SE COMO SUCEDI√ì ESO. LA LESBIANA LOCA ESA DE TU EDIFICIO SEGURO

/cc @usuario"
282,1,0,0,0,0,"Lo que tienes de hablador, los tienes de PUTO"
586,1,0,0,0,0,"@usuario Te iba a decir algo de t√∫ mam√° pero mejor te digo que Jim√©nez es pu√±al, Cuahumello es analfabeto, Lainez es un inflado que no sirve para nada y Ochoa es una mamada de portero, creo que te ofende m√°s (y sigue sin ser el 1%  emoji cara llorando de risa emoji  emoji cara llorando de risa emoji )"
362,0,1,0,0,0,"Jjaja me voy enterando que la alcoholica closetera me acaba de decir ""BORRACHO"" y que le tiraba la onda a los ejecutivos de @usuario  emoji cara llorando de risa emoji  emoji cara llorando de risa emoji  emoji cara llorando de risa emoji  anda ardida esa mujer!!"
243,1,1,0,0,0,"En una sociedad donde las preferencias sexuales son una moda y no una libre elecci√≥n aparentemente innata, aborrezco a los ""homosexuales""."
603,1,0,0,0,0,@usuario te vez bien joto como siempre jaja!
92,1,0,0,0,0,"-Jjaja piiinche joto, quien te pinto las u√±as joto?
-Tu mam√°"
210,1,0,0,0,0,"@usuario @usuario @usuario @usuario Ac√° hay uno del 2021, de hecho un twitter search ""rayado maricon"" y hay de todos los a√±os url"
337,0,0,0,0,1,@usuario Tienes m√°s entradas que la defensa del Am√©rica (la cuando se empiece a quedar pel√≥n)
301,1,0,0,0,0,emoji manos aplaudiendo emoji  emoji manos aplaudiendo emoji  emoji manos aplaudiendo emoji  pinche joto
85,1,0,0,0,0,Te dijeee!!! Borrado por f√≠n y tambien de la selecci√≥n con su lesi√≥n de marica tambien borrado @usuario  url
190,1,0,0,0,0,"Si muchas vestidas agregadas has de tener, mayate has de ser"
39,1,0,0,0,0,Nunca hab√≠a visto a tanto maricon reunido.
500,1,0,0,0,1,"Como chingan con el grito de puto, si te sientes ofendido es porque esta bien pendejo no porque odiemos a los homosexuales"
507,1,0,0,0,0,@usuario Para mi que son los maricas amarillos que se hacen pasar por Rayados para Crear un mal ambiente en torno de mis Rayados.
516,0,0,0,1,1,Qu√© asco el drag mexicano
104,1,0,0,0,0,Haci√©ndosela de pedo a jotos useless
696,1,0,0,0,0,"@usuario y para que nunca se te olvide, 10 champions, reyes de europa, sigue mandando fotos de tu pito, pinche joto."
233,1,0,0,0,0,"Mariquitas, Mariquitas, como ni√±as siempre gritan. url"
105,1,0,0,0,0,@usuario pff es bien marica
341,1,0,0,0,0,Puro joto va a la escuela hoy
253,1,0,0,0,0,Poropompom el que no salte es un chemo maricon
408,0,0,0,1,0,@usuario El pedo es que te salga un esposo transexual y ps ah√≠ cambia todo.
422,1,0,0,0,0,"@usuario La triste ret√≥rica de las personas homosexuales victimiz√°ndose. Como bien dice Steven, ni son de otra especie ni se les ha negado nunca alg√∫n derecho. Pero se quieren adjudicar pseudoderechos en contra del bien y sentido com√∫n."
208,1,0,0,0,0,no justin porqueee!! porque te me hiciste gay tu tambien :(
842,1,0,0,0,0,@usuario Mmmm pues se pas√≥ de mariquita
662,1,0,0,0,0,@usuario ¬øCuando van a subir v√≠deo? par de maricones  emoji cara sonriendo con aureola emoji
82,1,0,0,1,0,@usuario por eso luego salen jotos y travest√≠s los chamacos!!
497,1,0,0,0,0,@usuario fue un s√°bado ps creo q si ten√≠a pelo wero jaja le habla al jotito q vive por tu casa ya sabes quien ?
788,0,0,0,1,0,Jaja hay un vato hembra en mi carrera en la tarde que parece transexual. Dice que es mujer pero trae  paquete
583,1,0,0,0,0,@usuario jaja no seas joto
671,1,0,0,0,0,"AMIGAS SOLTERONAS: Mejor den gracias a mi tocay√≠n San Antonio porque no les ha dado un novio falso, panz√≥n, borracho, closetero y pinche feo"
87,1,0,0,0,0,"""¬°Marica!"", le gritaron, y desde entonces se guard√≥ en un cl√≥set."
64,1,0,0,0,0,"@usuario @usuario Jjaja ya Se we, si as√≠ tengo pegue con los jotos con esa m√°s ü§¶ emoji tono de piel claro emoji ‚Äç"
270,1,0,0,0,0,@usuario @usuario no traen nada jotos
605,0,1,0,0,0,"hashtag lo m√°s le√≠dode la i "" Env√≠an a ""Las Machorras"" al Cereso url"
274,1,0,0,0,0,@usuario @usuario Ya no contesto el jotito
682,1,0,0,0,0,Como me caga CR7. Es un jugador √∫nico. Pero toda su excelencia se opaca por toda la estupidez que hace. Es un maric√≥n.
783,1,0,0,0,0,@usuario Jjaja puto
153,0,0,0,0,1,"@usuario @usuario Oye si, ese ni√±o ya es el escudo infantil oficial de la agresividad closetera de la dama. As√≠ que ni se quejen de los malos tratos que le propina al morrillo que ya deberia de estar acostumbrado!"
613,1,0,0,0,0,Puto url
673,1,0,0,0,0,Veracru tierra de mayates y de hermosas mujeres url
410,1,0,0,0,0,Macho alfa que se respeta no se anda con esas mamadas de usar guantes para entrenar. Pinches afeminados con los huevos de adorno pendejos.
517,1,0,0,0,0,@usuario Hasta que saliste de tu escondite mariquita
44,1,0,0,0,0,Ando de mariquita oyendo m√∫sica rom√°url saben quien soy ahora ?
625,0,1,0,0,0,"@usuario Me escriben vieja gacha indios pata rajadas y lesbiana vieja loca, comes pollito muerta de hambre en Youtube"
390,0,1,0,0,0,@usuario por que me bloqueaste de hashtag instagram acaso te doli√≥ lo que dije de tus thalifan la lencha esa?? Respondeme
220,0,1,0,0,0,Enojarse con Sean Penn es de mujeres negras. Negras y lesbianas.
140,1,0,0,0,0,@usuario pu√±al
349,1,0,0,0,0,Ya tiene cara  el maricon cobarde pocos huevos @usuario  UAEM url
357,1,0,0,0,0,Con Argentina se chingan pinches holandeses maricones hijos de su PTM!!!
133,1,0,0,0,0,"@usuario @usuario Yo tambi√©n, literal tiene lo peor de los dos lados de los jotos las t√≥xicas quesque de masculinas que no mandan cara y las jotillas liosas, y lo peor ni cogen jaja"
261,1,0,0,0,0,@usuario @usuario OH RAYOS! YA VINO EL JOTO
278,0,1,0,0,0,@usuario El ni√±o parece do√±a cincuentona lesbiana del sur.
79,1,0,0,1,0,@usuario marica ahorita bajo :) vos por cierto todav√≠a sirve transformer JAJAJAJAJAJAJA cuando entras a estudiar ?
837,0,0,0,0,1,Siempre que alguien dice pansexual me imagino una dona toda cachonda jaja  emoji d√≥nut emoji  emoji berenjena emoji
115,1,0,0,0,0,"noche de sushi, es lo mas gay"
704,1,0,0,0,0,"@usuario @usuario @usuario @usuario @usuario Ay si, ¬øC√≥mo ven? Che llor√≥n bolonero, jam√°s ando pidiendo chichi, maric√≥n."
721,1,0,0,0,0,@usuario Oi nomas! En mariquita escandalosa
380,0,0,0,0,1,"@usuario @usuario @usuario Mi opini√≥n del tema de actores/actrices trans es:
Cero broncas con que una persona Cis haga el papel de una persona trans pero entonces que dejen de joder y le den papeles Cis a gente trans (la inversa)."
800,0,0,0,0,1,@usuario @usuario @usuario @usuario @usuario @usuario @usuario @usuario @usuario @usuario @usuario @usuario @usuario @usuario @usuario @usuario @usuario @usuario @usuario Hermosa
184,1,0,0,0,0,Puto pelon de mierda @usuario  los odio mueranse a la verga putos Chac√≥n y ustedes putos corruptos a la mierda los odio
770,1,0,0,0,0,Algo bueno que nos pongan a la Guardia Nacional en cada rinc√≥n del pa√≠s es que por fin m√°s maricones podr√°n cumplir su fantas√≠a de coger con un militar  emoji pintarse las u√±as tono de piel medio emoji
358,1,0,0,0,0,@usuario jaja homosexual
36,1,0,0,0,0,"Por puto, por joto, porque as√≠ es M√©url lo s√©. hashtag must por el maestro @usuario url v√≠a @usuario"
339,1,0,0,0,0,Comprar ropa de mujer aunque parezca de hombre te hace gay? Sean serios
722,0,0,1,0,0,¬øQu√© onda con las amigas de mi hermana que tienen 13 a√±os y dicen que son bisexuales? O seaaa
420,1,0,0,0,0,"El mejor modo de confesar algo horrible es decir ""OIGAN TODES"" seguido por algo as√≠ pero deleznable.

Y bien que pueden decir donde enterraron a JFK y a Colosio luego de su parrand√≥n homosexual. La gente solo va a leer y no superar el ""todes"". url"
149,0,0,0,0,1,¬°¬°Ching√≥ a su madre nuestra puta moral!!
9,1,0,0,0,0,"las tragedias que marcaron el 2021.

-legalizaci√≥n del matrimonio homosexual.
-asalto al capitolio.
-protistas en cuba.
-Atlas y Cruz azul campeones.

por un 2022 lleno de bendiciones, √©xitos y alegr√≠as y por menos tragedias."
45,1,0,0,0,0,Otro joto obsesionado con su peso. Wurl
95,1,0,0,0,0,Me dan mucha risa los memes de la jota de caso cerrado  emoji cara llorando de risa emoji  emoji cara llorando de risa emoji  emoji cara llorando de risa emoji
775,1,0,0,0,0,@usuario que marica te escuchaste Pato eso es de cobardes
857,1,0,0,0,0,@usuario @usuario @usuario De mi parte avila chingas a tu puta madre me gustas para puton y ojete
548,1,0,0,0,0,@usuario @usuario jaja tenian que ser jotos y amargo y tienes una foto de Rayados jaja
560,1,0,0,0,0,Puro joto t√≥xico y peleonero cumple a√±os en mayo.  emoji calavera emoji
298,1,0,0,0,0,@usuario No llore joto jaja
290,1,0,0,0,0,"@usuario @usuario @usuario @usuario @usuario Aparte de joto con delirio de persecuci√≥n, si te fuera a secuestrar van en comiendo y camionetas no en un taxi acompa√±ado de una ni√±a. Chairo estupido."
415,1,0,0,0,0,Cc peleaban con Rugal y pon√≠an a Roberto Carlos de delantero as√≠ o m√°s putito el chamaco.
313,1,0,0,0,0,"Siempre los cari√±itos me han parecido para maricones, y ahora hablo contigo en diminutivo, con nombres de url"
421,1,0,0,0,0,"Jotos, resp√©tense tantito. No jodan. url"
657,0,0,0,1,1,"@usuario parece una drag queen; chula, pero drag al fin. Pobres de mis paisanos  emoji cara de desaprobaci√≥n emoji"
122,1,0,0,0,0,"Si se dan cuenta que le est√°n subiendo el ego a un joto tapado, VERDAD?"
847,1,0,0,0,0,@usuario @usuario @usuario jaja que maricon!
705,0,0,0,1,0,"Si vas directo al grano se ofenden, si es conversaci√≥n normal te url nada les parece (y por la forma en responder es una travesti loca)  emoji cara pensativa emoji  url"
361,1,0,0,0,0,@usuario te cortaste el pelo marica ?
336,1,0,0,0,0,Puto viejo joto alvvv p√≠cate el culo con tu punto formato a3 y las vergas esas de ishikawa me la pelan alv pendejo metete el 6 por la verga alvvv
135,1,0,0,0,0,"@usuario @usuario En la c√°rcel marica, donde deben estar los delincuentes que infringen la Ley.

Como los que hicieron esto a un polic√≠a de Guadalajara url"
732,1,0,0,0,0,"@usuario eres un guevon y maricon que no haces lo que te dije
juega otro nivel que no sea online en geometry dash y si lo vez ya te dije"
651,1,0,0,0,0,"@usuario Como siempre asnos maricas en primera fila, hasta parece que su frustraci√≥n viene de familia. Y como siempre la se√±ora en buen talante dando lo que a otros les molesta un consejo."
367,1,0,0,0,0,@usuario @usuario @usuario @usuario @usuario Si la verdad se ve muy joto ese!!!  emoji mono con los ojos tapados emoji  emoji cara con ojos en blanco emoji  emoji cara revolvi√©ndose de la risa emoji
826,1,0,0,0,0,No se la cogi√≥ porque ten√≠a 19 maldito marica!
777,1,0,0,0,0,"@usuario @usuario @usuario @usuario @usuario @usuario @usuario Recuerda que los allegados y compadres,amantes,mayates, y todo influyente con la actual administraci√≥n lo puede hacer. Menos la gente."
619,1,0,0,0,0,@usuario Ya ves puros chistes de jotos q onda
8,1,0,0,0,0,@usuario puro joto en tu foto de avatar !! Jjaja url
97,1,0,0,0,0,"El sabado: para qui√©n debe ser el mensaje del festejo de viejito con bast√≥n

Lunes: Pum!! Por andarle jugando al vergas, me lo mandaron a la chingada 

En Computrabajo puedes buscarle como "" Recamarera "" 

Maldito marica"
834,1,0,0,0,0,"En este establecimiento no se discrimina aunque sean prietos, gordas, jotos, nacas, pobres, √±o√±os, putas, licenciados, etc. Primero la paz."
348,1,0,0,0,0,"@usuario listo , entonces te envio donde sea maricon."
509,1,0,0,0,0,"@usuario @usuario @usuario @usuario @usuario @usuario @usuario @usuario @usuario @usuario @usuario @usuario @usuario @usuario @usuario @usuario Es gay, yo respeto pero que no ande de ofrecido."
821,1,0,0,0,0,"@usuario / espere que aceptes la ayuda del √°rbitro, maricon, pendejo"
703,1,0,0,0,0,"Ya no le puedes decir negro a un negro. 

Con el debido respeto y porque me caen a toda madre los homosexuales o putos c√≥mo les llamamos.

Los negros de hoy en d√≠a son m√°s putos que los putos.

Chinguen a su madre!!!"
21,1,0,0,0,0,@usuario @usuario Un mariquita menos :3
482,0,0,0,0,1,@usuario hashtag marcha heterosexual putas para todos y trato especial para los que todav√≠a est√°n indesisos y se queden en el camino machin
830,1,0,0,0,0,jaja che maric√≥n ntpsdv url
405,1,0,0,0,0,@usuario @usuario Si fueras hombre te agarro a madrazos @usuario . As√≠ que mejor te madreo a puras cachetadas. hashtag pu√±al
849,1,0,0,0,0,@usuario @usuario @usuario @usuario Lo peor es que debes de ser un pinche joto horrible que se escuda tras una cuenta sin foto de tan culero que estas. Minimo se me disumula la gordura con la faja pero  a ti lo muerto de hambre y ardido nunca se te va a quitar.  emoji cara lanzando un beso emoji
812,0,0,0,1,0,@usuario JAJAJA Ni el odio de dios combinado al tuyo le quitar√° lo travesti que se ve Jared.
478,1,0,0,0,0,Yo url Puto el primero que se contagie del coronavirus!  emoji cara revolvi√©ndose de la risa emoji ü§¶‚Äç emoji cara con term√≥metro emoji
590,1,0,0,0,0,"Putas maricas no los pueden tocar porque ya les quebraron el puto pie, puro pinch√© drama"
491,1,0,0,0,0,@usuario Ojal√° ese pu√±al ya no pueda ir a USA
46,1,0,0,0,0,Estupido marica mentiroso ignorante  @usuario como confunde 911 una tragedia tan marcada para EU y hashtag new york url
364,1,0,0,0,0,"Un slam como en el rocodromo, culos toodos, miedosos, maricas."
296,0,0,0,0,1,"""Es que es url""

@usuario  emoji mono con la boca tapada emoji  emoji cara sonriendo con sudor fr√≠o emoji  emoji cara sonriendo con ojos sonrientes emoji"
49,1,0,0,0,0,"url

hashtag eit life Me gustar√≠a  que no existir√°n los gays; diputada de Morena url"
487,0,1,0,0,0,Qp con esa loca lesbiana emoji luna nueva con cara emoji  emoji cara sonrojada emoji
224,1,0,0,0,0,Que chido estuvo el masaje! Lo cagante fue que al ultimo me di cuenta que era puto emoji cara sin boca emoji  emoji colisi√≥n emoji  emoji pistola emoji
219,1,0,0,0,0,No cabe duda que yo me visto medio vato y el se viste super gay emoji cara llorando de risa emoji  emoji cara llorando de risa emoji  emoji cara llorando de risa emoji
810,1,0,0,0,0,"@usuario Ahhh ademas de chairo, mdejo y mayate ??? Si re√∫nes mucho, eh ???"
850,1,0,0,0,0,@usuario los de las chivas son jotos ponga molotov la de puto para todos los chivas
647,1,0,0,0,0,"Pinche not√≥ maricon, vente hacer l√≠o a otro lado  emoji cara llorando de risa emoji"
201,0,0,0,1,0,"@usuario Callase el hocico pinche transformer matraquero, url"
562,1,0,0,0,0,Ya est√°n grandes jotos para que se mamen con eso de Disney+.  emoji cara con ojos en blanco emoji
622,1,0,0,0,0,@usuario Eh no mames tampoco soy joto
854,1,0,0,1,0,"@usuario Un gay de closet, un travesti y un viejo rid√≠culo que hablan porque tienen boca."
63,1,0,0,0,0,@usuario @usuario S√≥lo quiere llamar la atenci√≥n el joto
604,1,0,0,0,0,"ES : Kirk Cameron: ""Dios odia a los gays, van a ir al infierno"" ¬†- Yo no escog√≠ ser heterosexual pero todos esos url"
245,1,0,0,0,0,@usuario Pinches jotos
442,1,0,0,0,0,@usuario @usuario Desafortunadamente la mayor√≠a de las personas proyectamos nuestros traumas y carencias en alguien m√°s y eso no est√° para nada cool y s√∫male que los gay tienen complejo de Regina George. ü§∑ emoji tono de piel medio emoji ‚Äç
751,1,0,0,0,0,"Ac√° ando prr0z, y joto el que diga ""Me traes tequila"""
574,1,0,0,0,0,@usuario @usuario @usuario as√≠ es de Maricon!! No tiene palabra!! Jjaja hashtag patetico
0,1,0,0,0,0,"Bueno, pues ya pas√≥ la euforia pap√°, ahora s√≠ dime, este vestido es blanco o azul?
Que me vale verga el color ya qu√≠tatelo pinche maric√≥n!"
539,0,0,0,0,1,@usuario Pute compa√±url
689,1,0,0,0,0,"Ya cortate el pelo, gay! @usuario Mexicali, Baja California url"
187,1,0,0,0,0,@usuario @usuario Y los supuestos audios que ten√≠a. La agresi√≥n a los aficionados. Es todo un maricon ese Pepillo Hanan
406,1,0,0,0,0,"No puedes nacer homosexual, es una mentira."
148,1,0,0,0,0,"-MAM√Å!! Y ESA PLAYERA CON GANSOS ROSAS QUE!? 
-Es la que me pediste
- TE DIJE: GUNS AND ROSES! GUNS AND ROSES! 
-PONTE LA PLAYERA JOTITO
-Ay"
26,1,0,0,0,0,@usuario P.D. Activa la cuenta de puto grupito pinch√© maricon cobarde
461,1,0,0,0,0,@usuario no seas mamon  no seas localista le vas a rayados y no nos jusgas pinche joto
670,1,0,0,0,0,@usuario chinga tu madre puto
655,1,0,0,0,0,@usuario pinche joto jaja
59,1,0,0,0,0,"""Qu√© marica, te lo debi√≥ de haber dicho de url Bueno, pero ni le das la oportunidad jaja."" 
Onofre dici√©ndome mis verdades."
714,1,0,0,0,0,Maricon de mierda
326,1,0,0,0,0,"Se√±or @usuario le sienta bien la televisi√≥n, deber√≠a ser conductor de tv, nomas hable con m√°s huevos que se escucha como joto jaja"
424,1,0,0,0,0,"@usuario Seh, la lista es S√öPER larga. Es solo que en entretenimiento te topas con gente gay en todas las esquinas que se escudan en closet"
720,0,0,0,0,1,Me enamor√© de una url  emoji notas musicales emoji
477,1,0,0,0,0,@usuario ya ven joto
43,1,0,0,0,0,"Transitan ech√°ndote las luces largas segun tienen prisa,te rebasan a lo menso y adelante los alcanzas en el sem√°foro, tan mas hashtag mariquitas"
661,1,0,0,0,0,Ustedes no quieren a nadie. No se hagan jotos. Porque cuando les llega alguien. Ah√≠ est√°n carg√°ndola!!!
635,0,0,0,0,1,Acab√© una temporada de RuPaul's Drag Race en 2 d√≠as. No regrets.
528,1,0,0,0,0,"Lo que siento por esta bola de in√∫tiles homosexuales no se compara con nada, uno de los viajes que mas he disfrutado en la vida. Los amo perros!!! en Coralina Daylight Club url"
736,1,0,0,0,0,"@usuario entonces s√≠, no seas mariquita.  hashtag yolo"
483,1,0,0,0,0,"Vas a ir ?
Si vas a ir? 
Pero a url a tu mamy por maricon!"
218,1,0,0,0,0,"-Eres de mente abierta
-No porque?
-Y esos homosexuales
-No seas culero, son alumnos de la @usuario campus tuxtla."
741,0,1,0,0,0,@usuario Ahora resulta ke ser lesbiana es un orgullo  emoji cara llorando de risa emoji  emoji cara llorando de risa emoji  emoji cara llorando de risa emoji  no mamen. Ke la lleven a un  exorcismo.
856,0,0,0,1,0,@usuario @usuario Jjaja y porque un nombre de travesti??? yoshert ya lo ten√≠a tampoco cuenta
791,1,0,0,0,0,Quien no entiende el sarcasmo cuando le toca es marica
609,1,0,0,0,0,"Ma√±ana podr√°n salir todos! ya que no habr√° delincuentes! todos estaran crudos o borrachos, porque gano su equipo de maricas"
485,1,0,0,0,0,Pinche maricon pendejo!!! Neta ojal√° que se url emoji cara con s√≠mbolos en la boca emoji  emoji cara con s√≠mbolos en la boca emoji  emoji cara con s√≠mbolos en la boca emoji  url
125,0,0,0,1,0,"No tengo nada en contra de los trans, pero me da mucha risa que ense√±an todo. Si en realidad fueran mujeres quiz√° no se atrever√≠an.  emoji cara llorando de risa emoji"
776,1,0,0,0,0,"""Putos hombres we qu√© bueno que no eres joto"""
61,1,0,0,0,0,@usuario Amor yo t doy besitos para q ya no chilles q maricon eres babe
81,1,0,0,0,0,Tengo gustos bien maricas.
680,1,0,0,0,1,"Que video tan m√°s sincero del puto ese de @usuario  url m√°s gente como t√∫, en el 2016 por favor!!!"
324,1,0,0,0,0,"Sab√≠a que eran maricas, pero no tan descarado!!!  emoji cara llorando de risa emoji  emoji cara llorando de risa emoji  emoji cara llorando de risa emoji  url"
385,1,0,0,0,0,los fifas cuando vean a mucho joto en el estadio del superbowl para ver a Rihanna url
855,1,0,0,0,0,"Porque van a trabajar a una oficina con una cangurera? Aparte de verse maricones van a hacer ejercicio?
No mamen pinches nacos"
56,1,0,0,0,0,@usuario @usuario es un pu√±al.
19,1,0,0,0,0,@usuario ni das nada maricon!!!
823,1,0,0,0,0,"""En este mundo todos somos brutos, unos m√°s hombres y otros m√°s putos"" hashtag el callej√≥n de los milagros hashtag feliz mi√©rcoles url"
86,1,0,0,0,0,@usuario si puro joto andaba chupando ca√±a
758,1,0,0,0,0,@usuario Parece joto JAJAJAJAJA
649,1,0,0,0,0,Habr√° homosexuales que no se sientan @usuario y que piensen alg√∫n d√≠a en ser serios horita pronto?! Seguimos en la busqueda
316,1,0,0,0,0,"@usuario Ah pero primero estabas mame y mame ""este la la a romper "" ""excelente trabajo de la directiva "" coman caca igual ches putitos villamelones.  emoji cara con ojos en blanco emoji"
34,1,0,0,0,0,"@usuario Esos que te dijeron eso son gay, los hombres no rajamos y diles que digo yo. url"
138,0,0,0,0,1,@usuario Hermosa!
766,1,0,0,0,0,@usuario fue @usuario y sus amigos jotos
588,1,0,0,1,1,@usuario No pues esta medio canijo darles consulta a las hashtag manfloras...GAYSurl#TRANSGENEROSurl hasta posiblemente hashtag violinesurl Ca√±url
498,1,0,0,0,0,"neee alchile v√°yanse a la verga pinches jotos, bye"
538,0,0,0,1,0,El transexual @usuario me bloqueo en Instagram  emoji cara mareada emoji  url
555,1,0,0,0,0,"Todd Phillips, director de la Pel√≠cula del  Joker, ya aclaro que este no estar√° basado en los c√≥mics de DC sino de su propia adaptaci√≥n e interpretaci√≥n

Avisados est√°n para que no anden de pinches maricas llorando en sus redes sociales.. Possers url"
96,1,0,0,0,0,Cervezas light??? Jotos ten√≠an que ser!!  emoji cara con ojos en blanco emoji  emoji cara con ojos en blanco emoji  emoji cara con ojos en blanco emoji  es lo que hay! @usuario Embarcadero Nuevo de Nativitas url
83,1,0,0,0,0,"@usuario @usuario @usuario Ah√≠ lo dice claramente, aparte de joto,mitomano? url"
446,1,0,0,0,0,@usuario @usuario @usuario @usuario @usuario Jjaja. Siempre se tira al piso como maricon. Ya lo confirm√≥
474,1,0,0,0,0,Harto de los Gays De mi y de todo  emoji cara de desaprobaci√≥n emoji
764,1,0,0,0,0,"Hoy le dije a mi maestro que matara una cucaracha y no quiso, as√≠ de simple se hizo loco y no se√±ores no la mato porque hashtag marica"
366,1,0,0,0,0,"Nosotros los rockeros: pinches BTS son bien puros. 

Nosotros los rockeros tambien: calmateee cabron, Freddy Mercury no era url Era su Putisima majestad."
697,1,0,0,0,0,√ìrale no que muchos huevos cabron. Sali√≥ bien pu√±al este guey url
585,0,1,0,0,0,"Me acabo de acordar que Juanpa me dijo que su mam√° pens√≥ que yo era lesbiana.
YA VEN QUE SI ME URGE NOVIO"
804,1,0,0,0,0,@usuario @usuario @usuario @usuario no salio domador jotito de poncho no doma ni mayate que trae
760,1,0,0,0,0,@usuario tienen que prudrirse en l carsel x estafador y corrupto pinche mariquita
401,1,0,0,0,0,@usuario @usuario @usuario Con todas las historias que los rayados le han inventado a sinergia ya hubieran escrito un libro m√°s famoso que las mil y una noches!! Lamentable!! Pero bueno se entiende si su l√≠der es el jotito del sabalero ü§∑ emoji tono de piel claro emoji ‚Äç
759,1,0,0,0,0,@usuario @usuario Por supuesto que son venganzas de este homosexual reprimido.
392,1,0,0,0,0,"Puto: check
Joto: check
Maric√≥n: check

El problema es suyo, no nuestro."
839,1,0,0,0,0,@usuario Es un castigo por tanto joto que hay en CDMX.
745,1,0,0,0,0,Y ahora todas las jotitas nuevas van a vomitar de elogios a la Gaga. Sorry pero no es Jessica Lange hashtag golden globes
271,0,0,0,1,0,Esto est√° m√°s montado que el pit√≥ de una drag url
506,1,0,0,0,0,No llore jota
859,0,0,0,0,1,"Psst, solo les quiero spoilerear la platica que estoy organizando (idea de @usuario) para hashtag cpmx7: Ciencia Trans. url"
434,0,0,0,0,1,"@usuario @usuario @usuario @usuario @usuario @usuario @usuario @usuario @usuario @usuario @usuario @usuario @usuario @usuario @usuario @usuario @usuario @usuario @usuario @usuario @usuario @usuario @usuario @usuario @usuario @usuario @usuario @usuario @usuario @usuario @usuario @usuario @usuario @usuario @usuario @usuario @usuario @usuario @usuario @usuario @usuario @usuario @usuario  emoji pulgar hacia arriba emoji  Asi es! Nomas que no sean de caballero o de ni√±as y estamos bien, por que seremos medio pervertidos, pero, ni pedofilos, ni raritos! Y vengan mas culos de viejas buenisimas, no importa, colos, tama√±o, ni preferencias politicas, religiosas o futbolisticas!"
648,1,0,0,0,0,@usuario Excelente vamos contodo ma√±ana a ganar el hashtag clasico nacional y a callarles el hocico de perras con cuernos a los maricones de chivas
807,1,0,0,0,0,De que me sirve tener amigos gays si no me sirven para consejos de moda  emoji cara con ojos en blanco emoji  @usuario @usuario hashtag badgayfriends
561,1,0,0,0,0,Puto el que lo lea.
207,0,0,0,1,0,"Digo, la idea no es satanizar ning√∫n modo ser mujer. Ning√∫n modo es m√°s correcto. Solo me sorprende lo COM√öN que es la vieja trans sexuada. url"
319,1,0,0,0,0,@usuario Huele a marica
843,1,0,0,0,0,"Me retracto.
Suena marica pero no est√° mal este material de hashtag in flames. url"
132,1,0,0,0,0,@usuario @usuario Jjaja todo un mayate papi dile a tu presidentito jaja los de la marina parecen mayates bueno son
50,1,0,0,0,0,"@usuario Al menos los de ac√° de Oaxaca no nacemos tan mongoles y gays como un tal ""Gambo√≠n"" te podemos hacer desde un ""taco al pastor"" (de trompo tienes el cuerpo) hasta darte tu ""sushi"" claro su- url  emoji chile picante emoji   emoji cara llorando de risa emoji  emoji cara llorando de risa emoji"
238,1,0,0,0,0,"Te mandaron al chorizo, pu√±al. url"
564,1,0,0,0,0,@usuario el nuevo Juan Gabriel por joto url
592,1,0,0,0,0,"Primero agarro e idiotiz√≥ a los jotos, ahora va con las feministas. Esta hija de puta ser√° una delincuente pero saber llegar al mercado. url"
450,1,0,0,0,0,"Esto es un asalto, deme su dinero y nadie saldr√° herido.
¬øMe van a violar?
No, se√±ora.
¬øPorqu√© no, son jotos o que?"""
31,1,1,0,0,0,"@usuario si vamos a hacer un vag√≥n ""seguro"" que incluya a hombres gay y saquen a lenchas

/@usuario @usuario @usuario"
121,1,0,0,0,0,@usuario @usuario Ya ves!!! No dejas de ser el gordito sentimental de la@usuario√≠nea ofensiva jaja QUE GAY!!!
211,1,0,0,0,0,@usuario @usuario Esta medio gay tu pregunta jaja pero si el cabello largo viene de moda dale micky
351,1,0,0,0,1,"Que mamada eh !
Seguramente todos los que ir√°n a esa pendeja marcha , son mas closeteros que nada! hashtag marcha por la familia"
454,1,0,0,0,0,"Por grito hom√≥fobo FIFA multa a M√©xico por m√°s de dos millones de pesos url v√≠a @usuario
Ya est√° bien de defender a los homosexuales que lo √∫nico a lo que nos van a conducir es a la destrucci√≥n de la familia, DEPRAVADOS basta de su protagonismo"
302,1,0,0,0,0,@usuario Te hablan @usuario &gt; puto!
708,1,0,0,0,0,"A donde vas a estas horas, hijo? Al table mam√°. ¬°A mi no me haces pendeja! ¬°VAS AL CONCIERTO DE JUSTIN BIEBER, MARIC√ìN!"
88,1,0,0,0,0,@usuario Primero que nada buenos d√≠as y segundo ya se te quito lo joto?
325,1,0,0,0,0,JAJAJAJAJAJAJA MARICA DE MMM url
323,1,0,0,0,0,"Si ves un perro callejero  y a un gay mata primero al perro, el deber es primero y despues la diversion hashtag exterminen perros de la calle"
255,1,0,0,0,0,C√≥mo por qu√© tiene 6 favs putos url
570,1,0,0,0,0,@usuario no andes de llor√≥n joto
545,1,0,0,0,0,@usuario Un maric√≥n b√°rbaro.
550,1,0,0,0,0,@usuario As√≠ de homosexual despiertas??? Hahaha
359,0,0,0,1,0,"@usuario Otro
-  feministas tradicionales: ""la imagen de la mujer es cosificada para el hombre""... mujeres trans: ""quiero ser re sexy (cirug√≠as mil)"""
51,1,0,0,0,0,Vergas con el Gay que me acaba de hablar?
772,1,0,0,0,0,"Amigos que te dejan en la peda, no son amigos, y de una ves chinguen a su madre, pinches putos."
102,0,1,0,0,0,@usuario Porque Eres Un Vato  emoji cara con ojos en blanco emoji  Puta Lencha
195,0,0,0,1,0,"""Cualquier actor o actriz puede hacer cualquier papel"", ustedes trans como molestan.

Ya los veo si hubieran propuesto a Halle Berry para ser el pr√≥ximo Batman."
679,0,1,0,0,0,"ESTA MACHORRA  NO SABE QUE EL √öNICO PAYASO ES BROZO...

Y ELLOS, SON SU BROZA...!!

... url"
805,1,0,0,0,0,"@usuario Maldito maricon , verg√ºenza de la naturaleza humana"
628,1,0,0,0,0,"@usuario @usuario Conclusi√≥n: los Krause tienen miedo de perder el chayote en el pr√≥ximo sexenio, y como se que no me va a contestar por qu√© no soy digno de Preciado tiempo , sin llorar mariquita"
124,0,1,0,0,0,@usuario Pose de lencha alfa  emoji cara revolvi√©ndose de la risa emoji
404,0,0,1,0,0,"Que dif√≠cil ver s los j√≥venes de 15 y 17 a√±os, muchos aun buscan su identidad y pasan por diversas etapas, chaka-emo-hipster-bisexual"
730,1,0,0,0,0,porque eres tan pinche mandilon joto
287,1,0,0,0,0,@usuario Si emoji luna nueva con cara emoji  me gusta la pelea. Jijiji vamos a darnos en la madre mariquita
831,1,0,0,0,0,Aguantense pinches maricas pechos frios  emoji cara llorando de risa emoji
47,1,0,0,0,0,@usuario @usuario @usuario @usuario espero dejes de contestar con esa imagen de maric√≥n y ya entrenes
725,1,0,0,0,0,@usuario @usuario @usuario Que pinches maricones!!
587,1,0,0,0,0,Yo no tengo nada en contra de los homosexuales. De hecho tengo varios amigos americanistas pero all√° ellos y sus punter√≠as.
607,1,0,0,0,0,@usuario @usuario @usuario @usuario Que chingue su madre el pu√±al chivista del pali
433,1,0,0,0,0,@usuario Eres marica
674,1,0,0,0,0,"Wey, quien en su sano juicio dedica como ""canci√≥n de amor"" I'll never love de Gaga. Js, es una canci√≥n de despedida no una canci√≥n rom√°ntica para dedicar a tu pareja actual.
Ni para eso sirven maricones. url"
263,1,0,0,0,0,@usuario sin ser joto
360,1,0,0,0,0,Hab√≠a conocido gays y a ti  emoji cara de n√°useas emoji .
75,1,0,0,0,0,"Beto y Enrique de Plaza S√©samo eran pareja, ten√≠an que salir con esto. ¬°Por favaar, a fuerza  tiene que ser todo gay!"
466,1,0,0,0,0,No tarda en que las jotas liosas se pongan a hacer comparaciones al url  emoji cara saboreando comida emoji  url
299,1,0,0,0,0,"Cc que Jotos los hombres que usan ""Cc"""
534,1,0,0,0,0,"@usuario la cita no es ni marica ni de adolorido es una ""Obra Maestra"" :) jaja y ya sh."
584,1,0,0,0,0,"Manny Pacquiao: "" hashtag homosexuales son peores que los animales"" url"
493,1,0,0,0,0,Respondiendo a la pregunta: solo deja de sacarte la ceja y de hacer duckface pinche marica de mierda. url
527,1,0,0,0,0,"emoji bandera espa√±a emoji Soy homosexual
 emoji bandera estados unidos emoji  Im gay
 emoji bandera italia emoji  Sono omosessuale
 emoji bandera francia emoji  Je suis gay
 emoji bandera alemania emoji  Ich bin homosexuell
 emoji bandera arabia saud√≠ emoji  ÿ£ŸÜ ŸÖÿ´ŸÑŸä
 emoji bandera m√©xico emoji  Vamos, vamos Am√©rica, que est√° noche tenemos que url"
168,1,0,0,0,0,JAJAAJAJAJAAJAJAJAJAA estos jotos no le temen a dios url
